Brand,Name,Price,Discount
0,MSI,MSI Radeon RX 580 DirectX 12 RX 580 ARMOR 8G OC 8GB 256-Bit GDDR5 PCI Express x16 HDCP Ready CrossFireX Support Video Card,£180.99,None
1,ZOTAC,ZOTAC GeForce GTX 1060 DirectX 12 ZT-P10620A-10M 6GB 192-Bit GDDR5X PCI Express 3.0 HDCP Ready Video Card,£178.99,9%
2,Sapphire Tech,"Sapphire PULSE Radeon RX 570 4GB GDDR5 PCI-E Dual HDMI / DVI-D / Dual DP OC w/ Backplate (UEFI), 100412P4GOCL",£116.99,19%
3,Sapphire Tech,"Sapphire PULSE Radeon RX 580 8GB GDDR5 PCI-E Dual HDMI / DVI-D / Dual DP OC w/ Backplate (UEFI), 100411P8GOCL",£175.99,7%
4,MSI,MSI GeForce GTX 1660 Ti DirectX 12 GTX 1660 TI GAMING X 6G 6GB 192-Bit GDDR6 PCI Express 3.0 x16 HDCP Ready Video Card,£271.99,None
5,GIGABYTE,"GIGABYTE GeForce GTX 1660 Ti OC 6G Graphics Card, 2 x WINDFORCE Fans, 6GB 192-Bit GDDR6, GV-N166TOC-6GD Video Card",£230.99,None
6,ASUS,ASUS ROG STRIX GeForce RTX 2080 SUPER Advanced Overclocked 8G GDDR6 HDMI DP 1.4 USB Type-C Gaming Graphics Card (ROG-STRIX-RTX2080S-A8G-GAMING),£670.99,None
7,MSI,MSI GeForce GTX 1660 Ti DirectX 12 GTX 1660 TI VENTUS XS 6G OC 6GB 192-Bit GDDR6 PCI Express 3.0 x16 HDCP Ready Video Card,£247.99,None
8,MSI,MSI Radeon RX 570 DirectX 12 RX 570 ARMOR MK2 8G OC 8GB 256-Bit GDDR5 PCI Express x16 HDCP Ready CrossFireX Support Video Card,£165.23,None
9,MSI,MSI Radeon RX 570 DirectX 12 RX 570 ARMOR 8G OC 8GB 256-Bit GDDR5 PCI Express x16 HDCP Ready CrossFireX Support ATX Video Card,£136.99,11%
10,MSI,MSI GeForce RTX 2070 DirectX 12 RTX 2070 GAMING 8G 8GB 256-Bit GDDR6 PCI Express 3.0 x16 HDCP Ready Video Card,£390.99,6%
11,ASRock,ASRock Radeon RX 5700 DirectX 12 RX 5700 8G 8GB 256-Bit GDDR6 PCI Express 4.0 x16 HDCP Ready Video Card,£282.99,6%
12,ASUS,ASUS ROG Strix GeForce RTX 2080 Ti DirectX 12 ROG-STRIX-RTX2080TI-O11G-GAMING 11GB 352-Bit GDDR6 PCI Express 3.0 HDCP Ready SLI Support Video Card,"£1,086.99",None
13,Sapphire Tech,Sapphire Radeon RX 5700 XT 8GB GDDR6 PCI-E HDMI / TRIPLE DP (UEFI),£342.99,None
14,ZOTAC,"ZOTAC GeForce GTX 1060 Mini, ZT-P10610A-10L, 3GB GDDR5 Super Compact",£144.99,None
15,GIGABYTE,"GIGABYTE GeForce RTX 2080 Super GAMING OC 8G Graphics Card, 3 x WINDFORCE Fans, 8GB 256-Bit GDDR6, GV-N208SGAMING OC-8GC Video Card",£628.99,None
16,GIGABYTE,"GIGABYTE GeForce GTX 1650 WINDFORCE OC 4G Graphics Card, 2 x WINDFORCE Fans, 4GB 128-Bit GDDR5, GV-N1650WF2OC-4GD Video Card",£138.40,None
17,EVGA,"EVGA GeForce RTX 2060 SUPER SC ULTRA GAMING, 08G-P4-3067-KR, 8GB GDDR6, Dual HDB Fans, Metal Backplate",£355.99,None
18,MSI,MSI GeForce RTX 2060 DirectX 12 RTX 2060 GAMING Z 6G 6GB 192-Bit GDDR6 PCI Express 3.0 x16 HDCP Ready Video Card,£340.99,None
19,MSI,MSI GeForce RTX 2080 DirectX 12 RTX 2080 VENTUS 8G OC 8GB 256-Bit GDDR6 PCI Express 3.0 x16 HDCP Ready SLI Support Video Card,£570.99,None
20,GIGABYTE,"GIGABYTE AORUS GeForce RTX 2060 Super 8G Graphics Card, WINDFORCE Stack, 8GB 256-Bit GDDR6, GV-N206SAORUS-8GC Video Card",£384.99,None
21,EVGA,"EVGA GeForce RTX 2080 Ti DirectX 12 11G-P4-2281-KR 11GB 352-Bit GDDR6 PCI Express 3.0 HDCP Ready SLI Support BLACK EDITION GAMING Video Card, Dual HDB Fans & RGB LED",£890.99,None
22,MSI,MSI GeForce RTX 2060 SUPER DirectX 12 RTX 2060 SUPER VENTUS OC 8GB 256-Bit GDDR6 PCI Express 3.0 x16 HDCP Ready Video Card,£350.99,None
23,MSI,MSI GeForce GTX 1660 DirectX 12 GTX 1660 VENTUS XS 6G OC 6GB 192-Bit GDDR5 PCI Express 3.0 x16 HDCP Ready Video Card,£191.99,None
24,ZOTAC,"ZOTAC GAMING GeForce RTX 2060 Twin Fan 6GB GDDR6 192-bit Gaming Graphics Card, Super Compact, IceStorm 2.0, ZT-T20600F-10M",£298.99,None
25,EVGA,"EVGA GeForce RTX 2070 XC ULTRA GAMING, 08G-P4-2173-KR, 8GB GDDR6, Dual HDB Fans & RGB LED",£429.45,23%
26,GIGABYTE,GIGABYTE Radeon RX 570 DirectX 12 GV-RX570GAMING-4GD 4GB 256-Bit GDDR5 PCI Express 3.0 x16 CrossFireX Support ATX Video Card,£128.99,20%
27,XFX,XFX Radeon RX 5700 XT DirectX 12 RX-57XT8MFD6 8GB 256-Bit GDDR6 PCI Express 4.0 Video Card,£342.99,None
28,ZOTAC,"ZOTAC GAMING GeForce GTX 1660 6GB GDDR5 192-bit Gaming Graphics Card, Super Compact, ZT-T16600F-10L",£186.99,None
29,MSI,MSI GeForce RTX 2070 DirectX 12 RTX 2070 GAMING Z 8G 8GB 256-Bit GDDR6 PCI Express 3.0 x16 HDCP Ready Video Card,£434.99,None
30,MSI,MSI GeForce RTX 2070 DirectX 12 RTX 2070 GAMING X 8G 8GB 256-Bit GDDR6 PCI Express 3.0 x16 HDCP Ready Video Card,£392.99,6%
31,ASRock,ASRock Phantom Gaming D Radeon RX 570 DirectX 12 RX570 8G OC 8GB 256-Bit GDDR5 PCI Express 3.0 x16 HDCP Ready Video Card,£120.99,17%
32,EVGA,"EVGA GeForce RTX 2060 SC Ultra GAMING, 06G-P4-2067-KR, 6GB GDDR6, Dual HDB Fans",£328.87,17%
33,MSI,MSI GeForce RTX 2060 DirectX 12 RTX 2060 VENTUS XS 6G OC 6GB 192-Bit GDDR6 PCI Express 3.0 x16 HDCP Ready Video Card,£293.99,None
34,Sapphire Tech,Sapphire Radeon RX 5700 8GB GDDR6 PCI-E HDMI / TRIPLE DP (UEFI),£297.99,None
35,GIGABYTE,GIGABYTE GeForce GTX 1050 Ti DirectX 12 GV-N105TOC-4GD 4GB 128-Bit GDDR5 PCI Express 3.0 x16 ATX Video Cards,£142.99,None
36,MSI,MSI Radeon RX 580 DirectX 12 RX 580 ARMOR 8G OC 8GB 256-Bit GDDR5 PCI Express x16 HDCP Ready CrossFireX Support Video Card,£180.99,None
37,ZOTAC,ZOTAC GeForce GTX 1060 DirectX 12 ZT-P10620A-10M 6GB 192-Bit GDDR5X PCI Express 3.0 HDCP Ready Video Card,£178.99,9%
38,Sapphire Tech,"Sapphire PULSE Radeon RX 570 4GB GDDR5 PCI-E Dual HDMI / DVI-D / Dual DP OC w/ Backplate (UEFI), 100412P4GOCL",£116.99,19%
39,Sapphire Tech,"Sapphire PULSE Radeon RX 580 8GB GDDR5 PCI-E Dual HDMI / DVI-D / Dual DP OC w/ Backplate (UEFI), 100411P8GOCL",£175.99,7%
40,MSI,MSI GeForce GTX 1660 Ti DirectX 12 GTX 1660 TI GAMING X 6G 6GB 192-Bit GDDR6 PCI Express 3.0 x16 HDCP Ready Video Card,£271.99,None
41,GIGABYTE,"GIGABYTE GeForce GTX 1660 Ti OC 6G Graphics Card, 2 x WINDFORCE Fans, 6GB 192-Bit GDDR6, GV-N166TOC-6GD Video Card",£230.99,None
42,ASUS,ASUS ROG STRIX GeForce RTX 2080 SUPER Advanced Overclocked 8G GDDR6 HDMI DP 1.4 USB Type-C Gaming Graphics Card (ROG-STRIX-RTX2080S-A8G-GAMING),£670.99,None
43,MSI,MSI GeForce GTX 1660 Ti DirectX 12 GTX 1660 TI VENTUS XS 6G OC 6GB 192-Bit GDDR6 PCI Express 3.0 x16 HDCP Ready Video Card,£247.99,None
44,MSI,MSI Radeon RX 570 DirectX 12 RX 570 ARMOR MK2 8G OC 8GB 256-Bit GDDR5 PCI Express x16 HDCP Ready CrossFireX Support Video Card,£165.23,None
45,MSI,MSI Radeon RX 570 DirectX 12 RX 570 ARMOR 8G OC 8GB 256-Bit GDDR5 PCI Express x16 HDCP Ready CrossFireX Support ATX Video Card,£136.99,11%
46,MSI,MSI GeForce RTX 2070 DirectX 12 RTX 2070 GAMING 8G 8GB 256-Bit GDDR6 PCI Express 3.0 x16 HDCP Ready Video Card,£390.99,6%
47,ASRock,ASRock Radeon RX 5700 DirectX 12 RX 5700 8G 8GB 256-Bit GDDR6 PCI Express 4.0 x16 HDCP Ready Video Card,£282.99,6%
48,ASUS,ASUS ROG Strix GeForce RTX 2080 Ti DirectX 12 ROG-STRIX-RTX2080TI-O11G-GAMING 11GB 352-Bit GDDR6 PCI Express 3.0 HDCP Ready SLI Support Video Card,"£1,086.99",None
49,Sapphire Tech,Sapphire Radeon RX 5700 XT 8GB GDDR6 PCI-E HDMI / TRIPLE DP (UEFI),£342.99,None
50,ZOTAC,"ZOTAC GeForce GTX 1060 Mini, ZT-P10610A-10L, 3GB GDDR5 Super Compact",£144.99,None
51,GIGABYTE,"GIGABYTE GeForce RTX 2080 Super GAMING OC 8G Graphics Card, 3 x WINDFORCE Fans, 8GB 256-Bit GDDR6, GV-N208SGAMING OC-8GC Video Card",£628.99,None
52,GIGABYTE,"GIGABYTE GeForce GTX 1650 WINDFORCE OC 4G Graphics Card, 2 x WINDFORCE Fans, 4GB 128-Bit GDDR5, GV-N1650WF2OC-4GD Video Card",£138.40,None
53,EVGA,"EVGA GeForce RTX 2060 SUPER SC ULTRA GAMING, 08G-P4-3067-KR, 8GB GDDR6, Dual HDB Fans, Metal Backplate",£355.99,None
54,MSI,MSI GeForce RTX 2060 DirectX 12 RTX 2060 GAMING Z 6G 6GB 192-Bit GDDR6 PCI Express 3.0 x16 HDCP Ready Video Card,£340.99,None
55,MSI,MSI GeForce RTX 2080 DirectX 12 RTX 2080 VENTUS 8G OC 8GB 256-Bit GDDR6 PCI Express 3.0 x16 HDCP Ready SLI Support Video Card,£570.99,None
56,GIGABYTE,"GIGABYTE AORUS GeForce RTX 2060 Super 8G Graphics Card, WINDFORCE Stack, 8GB 256-Bit GDDR6, GV-N206SAORUS-8GC Video Card",£384.99,None
57,EVGA,"EVGA GeForce RTX 2080 Ti DirectX 12 11G-P4-2281-KR 11GB 352-Bit GDDR6 PCI Express 3.0 HDCP Ready SLI Support BLACK EDITION GAMING Video Card, Dual HDB Fans & RGB LED",£890.99,None
58,MSI,MSI GeForce RTX 2060 SUPER DirectX 12 RTX 2060 SUPER VENTUS OC 8GB 256-Bit GDDR6 PCI Express 3.0 x16 HDCP Ready Video Card,£350.99,None
59,MSI,MSI GeForce GTX 1660 DirectX 12 GTX 1660 VENTUS XS 6G OC 6GB 192-Bit GDDR5 PCI Express 3.0 x16 HDCP Ready Video Card,£191.99,None
60,ZOTAC,"ZOTAC GAMING GeForce RTX 2060 Twin Fan 6GB GDDR6 192-bit Gaming Graphics Card, Super Compact, IceStorm 2.0, ZT-T20600F-10M",£298.99,None
61,EVGA,"EVGA GeForce RTX 2070 XC ULTRA GAMING, 08G-P4-2173-KR, 8GB GDDR6, Dual HDB Fans & RGB LED",£429.45,23%
62,GIGABYTE,GIGABYTE Radeon RX 570 DirectX 12 GV-RX570GAMING-4GD 4GB 256-Bit GDDR5 PCI Express 3.0 x16 CrossFireX Support ATX Video Card,£128.99,20%
63,XFX,XFX Radeon RX 5700 XT DirectX 12 RX-57XT8MFD6 8GB 256-Bit GDDR6 PCI Express 4.0 Video Card,£342.99,None
64,ZOTAC,"ZOTAC GAMING GeForce GTX 1660 6GB GDDR5 192-bit Gaming Graphics Card, Super Compact, ZT-T16600F-10L",£186.99,None
65,MSI,MSI GeForce RTX 2070 DirectX 12 RTX 2070 GAMING Z 8G 8GB 256-Bit GDDR6 PCI Express 3.0 x16 HDCP Ready Video Card,£434.99,None
66,MSI,MSI GeForce RTX 2070 DirectX 12 RTX 2070 GAMING X 8G 8GB 256-Bit GDDR6 PCI Express 3.0 x16 HDCP Ready Video Card,£392.99,6%
67,ASRock,ASRock Phantom Gaming D Radeon RX 570 DirectX 12 RX570 8G OC 8GB 256-Bit GDDR5 PCI Express 3.0 x16 HDCP Ready Video Card,£120.99,17%
68,EVGA,"EVGA GeForce RTX 2060 SC Ultra GAMING, 06G-P4-2067-KR, 6GB GDDR6, Dual HDB Fans",£328.87,17%
69,MSI,MSI GeForce RTX 2060 DirectX 12 RTX 2060 VENTUS XS 6G OC 6GB 192-Bit GDDR6 PCI Express 3.0 x16 HDCP Ready Video Card,£293.99,None
70,Sapphire Tech,Sapphire Radeon RX 5700 8GB GDDR6 PCI-E HDMI / TRIPLE DP (UEFI),£297.99,None
71,GIGABYTE,GIGABYTE GeForce GTX 1050 Ti DirectX 12 GV-N105TOC-4GD 4GB 128-Bit GDDR5 PCI Express 3.0 x16 ATX Video Cards,£142.99,None
72,GIGABYTE,GIGABYTE GeForce GTX 1050 Ti DirectX 12 GV-N105TOC-4GD 4GB 128-Bit GDDR5 PCI Express 3.0 x16 ATX Video Cards,£142.99,None
73,EVGA,"EVGA GeForce RTX 2080 Ti K|NGP|N GAMING, 11G-P4-2589-KR, 11GB GDDR6, iCX2 Technology, OLED Display, Metal Backplate","£1,540.99",6%
74,ASRock,ASRock Phantom Gaming X Radeon VII DirectX 12 Radeon VII 16G 16GB 4096-Bit HBM2 PCI Express 3.0 x16 HDCP Ready Video Card,£599.99,None
75,MSI,MSI GeForce GTX 1660 DirectX 12 GTX 1660 GAMING X 6G 6GB 192-Bit GDDR5 PCI Express 3.0 x16 HDCP Ready Video Card,£204.99,None
76,MSI,MSI GeForce RTX 2060 DirectX 12 RTX 2060 VENTUS 6G OC 6GB 192-Bit GDDR6 PCI Express 3.0 x16 HDCP Ready Video Card,£305.99,None
77,ASUS,ASUS ROG STRIX GeForce RTX 2060 DirectX 12 ROG-STRIX-RTX2060-O6G-GAMING 6GB 192-Bit GDDR6 PCI Express 3.0 HDCP Ready Video Card,£357.99,28%
78,ASUS,ASUS ROG STRIX GeForce RTX 2080 Overclocked 8G GDDR6 HDMI DP 1.4 USB Type-C Graphics Card (ROG-STRIX-RTX2080-O8G-GAMING),£684.99,None
79,MSI,MSI GeForce RTX 2070 DirectX 12 RTX 2070 ARMOR 8G OCV1 8GB 256-Bit GDDR6 PCI Express 3.0 x16 HDCP Ready Video Card,£408.99,8%
80,GIGABYTE,"GIGABYTE GeForce RTX 2060 Super GAMING OC 8G Graphics Card, 3 x WINDFORCE Fans, 8GB 256-Bit GDDR6, GV-N206SGAMING OC-8GC Video Card",£350.99,16%
81,GIGABYTE,GIGABYTE AORUS GeForce RTX 2080 Ti DirectX 12 GV-N208TAORUS-11GC 11GB 352-Bit GDDR6 PCI Express 3.0 x16 SLI Support ATX Video Card,"£1,018.99",6%
82,EVGA,EVGA GeForce RTX 2080 SUPER DirectX 12 08G-P4-3188-KR 8GB 256-Bit GDDR6 PCI Express 3.0 HDCP Ready SLI Support Video Card,£663.99,None
83,ASRock,ASRock Phantom Gaming X Radeon RX Vega 56 DirectX 12 RX VEGA 56 8G 8GB 2048-Bit HBM2 PCI Express 3.0 x16 HDCP Ready Video Card,£238.99,30%
84,GIGABYTE,GIGABYTE GeForce RTX 2070 DirectX 12 GV-N2070WF2-8GD 8GB 256-Bit GDDR6 PCI Express 3.0 x16 ATX Video Card,£403.99,None
85,PowerColor,PowerColor RED DRAGON Radeon RX 580 DirectX 12 AXRX 580 8GBD5-3DHDV2/OC 8GB 256-Bit GDDR5 PCI Express 3.0 CrossFireX Support ATX Video Card,£153.99,None
86,EVGA,"EVGA GeForce RTX 2060 XC ULTRA GAMING, 6GB GDDR6, Dual HDB Fans Graphics Card 06G-P4-2167-KR",£348.99,8%
87,EVGA,"EVGA GeForce RTX 2070 XC GAMING, 08G-P4-2172-KR, 8GB GDDR6, Dual HDB Fans & RGB LED",£410.43,24%
88,EVGA,"EVGA GeForce GTX 1660 Ti SC ULTRA GAMING, 06G-P4-1667-KR, 6GB GDDR6, Dual Fan, Metal Backplate",£247.99,None
89,MSI,MSI GeForce GTX 1660 Ti DirectX 12 GTX 1660 TI ARMOR 6G OC 6GB 192-Bit GDDR6 PCI Express 3.0 x16 HDCP Ready Video Card,£249.99,None
90,MSI,MSI GeForce RTX 2080 DirectX 12 RTX 2080 SEA HAWK X 8GB 256-Bit GDDR6 PCI Express 3.0 x16 HDCP Ready SLI Support Video Card,£596.99,None
91,ASRock,ASRock Phantom Gaming X Radeon RX 580 DirectX 12 RX580 8G OC 8GB 256-Bit GDDR5 PCI Express 3.0 x16 HDCP Ready Video Card,£153.99,5%
92,GIGABYTE,"GIGABYTE GeForce RTX 2060 WINDFORCE 6G Graphics Card, 2 x WINDFORCE Fans, 6GB 192-Bit GDDR6, GV-N2060WF2-6GD Video Card",£284.99,None
93,EVGA,"EVGA GeForce RTX 2080 Ti XC2 ULTRA GAMING, 11G-P4-2387-KR, 11GB GDDR6, iCX2 & RGB LED",N/A,None
94,ASUS,ASUS ROG STRIX GeForce RTX 2060 SUPER ROG-STRIX-RTX2060S-O8G-GAMING 8GB 256-Bit GDDR6 PCI Express 3.0 HDCP Ready Video Card,£402.99,None
95,EVGA,"EVGA GeForce GTX 1660 SC ULTRA GAMING, 06G-P4-1067-KR, 6GB GDDR5, Dual Fan, Metal Backplate",£201.99,None
96,ASRock,ASRock Radeon RX 5700 XT DirectX 12 RX 5700 XT 8G 8GB 256-Bit GDDR6 PCI Express 4.0 x16 HDCP Ready Video Card,£341.99,None
97,ASUS,ASUS Radeon RX 5700 XT PCIe 4.0 VR Ready Graphics Card with 8GB GDDR6 Memory and Support for up to 6 Monitors (RX5700XT-8G),£362.99,18%
98,MSI,MSI GeForce RTX 2080 Ti DirectX 12 RTX 2080 TI VENTUS 11G OC 11GB 352-Bit GDDR6 PCI Express 3.0 x16 HDCP Ready SLI Support Video Card,£941.99,None
99,ZOTAC,"ZOTAC GAMING GeForce RTX 2060 AMP 6GB GDDR6 192-bit Gaming Graphics Card, Super Compact, IceStorm 2.0, ZT-T20600D-10M",£305.93,None
100,EVGA,"EVGA GeForce RTX 2080 FTW3 ULTRA GAMING, 08G-P4-2287-KR, 8GB GDDR6, iCX2 & RGB LED",£720.15,17%
101,GIGABYTE,"GIGABYTE GeForce GTX 1660 GAMING OC 6G Graphics Card, 3 x WINDFORCE Fans, 6GB 192-Bit GDDR5, GV-N1660GAMING OC-6GD Video Card",£206.99,None
102,ASUS,ASUS ROG Strix GeForce RTX 2080 Ti DirectX 12 ROG-STRIX-RTX2080TI-A11G-GAMING 11GB 352-Bit GDDR6 PCI Express 3.0 HDCP Ready SLI Support Video Card,"£1,078.99",None
103,MSI,MSI Radeon RX 570 DirectX 12 RX 570 ARMOR 4G OCV1 4GB 256-Bit GDDR5 PCI Express 3.0 x16 HDCP Ready CrossFireX Support ATX Video Card,£122.99,12%
104,ZOTAC,"ZOTAC GAMING GeForce RTX 2080 SUPER AMP 8GB GDDR6 256-bit 15.5 Gbps Gaming Graphics Card, IceStorm 2.0, Strong Overclock, Freeze Fan Stop, PowerBoost, Spectra Lighting, 16+4 Power Phase ZT-T20820D-10P",£628.99,None
105,MSI,MSI GeForce RTX 2080 Ti DirectX 12 RTX 2080 Ti VENTUS 11G OCV1 11GB 352-Bit GDDR6 PCI Express 3.0 x16 HDCP Ready SLI Support Video Card,£902.99,None
106,NVIDIA,NVIDIA GeForce RTX 2080 SUPER Founders Edition - 8GB GDDR6 1815 MHz - 3072 Cores - Ray Tracing - DirectX 12 - DP/HDMI/DVI-DL - VR Ready,£726.78,None
107,MSI,MSI GeForce RTX 2060 SUPER DirectX 12 RTX 2060 SUPER GAMING X 8GB 256-Bit GDDR6 PCI Express 3.0 x16 HDCP Ready Video Card,£366.99,None
108,EVGA,"EVGA GeForce RTX 2080 TI FTW3 ULTRA HYBRID GAMING, 11G-P4-2484-KR, 11GB GDDR6, RGB LED & iCX2 Technology - 9 Thermal Sensors","£1,232.68",17%
109,MSI,MSI GeForce RTX 2080 Ti RTX 2080 TI SEA HAWK X 11GB 352-Bit GDDR6 PCI Express 3.0 Video Card,£978.99,8%
110,XFX,XFX Radeon RX 5700 DirectX 12 RX-57XL8MFG6 8GB 256-Bit GDDR6 PCI Express 4.0 CrossFireX Support Video Card,£297.99,None
111,NVIDIA,NVIDIA GeForce RTX 2060 SUPER Founders Edition - 8GB GDDR6 1650 MHz - 2176 Cores - Ray Tracing - DirectX 12 - DP/HDMI/DVI-DL - VR Ready,£423.61,None
112,MSI,MSI Radeon RX 5700 DirectX 12 RX 5700 8G 8GB 256-Bit GDDR6 PCI Express 4.0 HDCP Ready Video Card,£298.99,None
113,GIGABYTE,"GIGABYTE AORUS GeForce RTX 2080 XTREME WATERFORCE 8G Graphics Card, 240mm AIO with RGB Fans, 8GB 256-Bit GDDR6, GV-N2080AORUSX W-8GC Video Card",£662.99,13%
114,EVGA,"EVGA GeForce GTX 1660 Ti XC Ultra GAMING, 06G-P4-1267-KR, 6GB GDDR6, HDB Fan",£271.99,None
115,GIGABYTE,"GIGABYTE GeForce GTX 1660 OC 6G Graphics Card, 2 x WINDFORCE Fans, 6GB 192-Bit GDDR5, GV-N1660OC-6GD Video Card",£195.99,None
116,GIGABYTE,"GIGABYTE AORUS GeForce GTX 1660 Ti 6G Graphics Card, 3 x WINDFORCE Fans, 6GB 192-Bit GDDR6, GV-N166TAORUS-6GD Video Card",£263.99,None
117,EVGA,"EVGA GeForce GTX 1660 XC Black GAMING, 06G-P4-1161-KR, 6GB GDDR5, HDB Fan",£193.99,None
118,ASUS,ASUS ROG Strix GeForce GTX 1660 Ti ROG-STRIX-GTX1660TI-O6G-GAMING 6GB 192-Bit GDDR6 PCI Express 3.0 HDCP Ready Video Card,£280.99,None
119,ZOTAC,"ZOTAC GAMING GeForce RTX 2060 SUPER MINI 8GB GDDR6 256-bit 14 Gbps Gaming Graphics Card, IceStorm 2.0, Super Compact, ZT-T20610E-10M",£339.99,None
120,PowerColor,PowerColor AMD Radeon RX 5700 XT 8GB GDDR6 AXRX 5700XT 8GBD6-M3DH,£340.99,None
121,MSI,MSI GeForce GTX 1660 DirectX 12 GTX 1660 ARMOR 6G OC 6GB 192-Bit GDDR5 PCI Express 3.0 x16 HDCP Ready Video Card,£204.17,None
122,GIGABYTE,"GIGABYTE Radeon RX 5700 XT 8G Graphics Card, PCIe 4.0, 8GB 256-Bit GDDR6, GV-R57XT-8GD-B Video Card",£331.99,17%
123,GIGABYTE,"GIGABYTE GeForce GTX 1650 OC 4G Graphics Card, 2 x WINDFORCE Fans, 4GB 128-Bit GDDR5, GV-N1650OC-4GD Video Card",£135.99,None
124,MSI,MSI GeForce RTX 2070 DirectX 12 RTX 2070 AERO 8G 8GB 256-Bit GDDR6 PCI Express 3.0 x16 HDCP Ready Video Card,£445.05,None
125,EVGA,"EVGA GeForce RTX 2060 XC BLACK GAMING, 6GB GDDR6, HDB Fan Graphics Card 06G-P4-2061-KR",£312.33,11%
126,XFX,"XFX Radeon RX 580 GTS Black Edition 1405 MHz OC+, 8GB 256-bit GDDR5, DX12 VR Ready, Double Dissipation, Dual BIOS, PCI-E AMD Graphics Card (RX-580P828D6)",£179.99,19%
127,EVGA,"EVGA GeForce RTX 2060 GAMING, 06G-P4-2060-KR, 6GB GDDR6, HDB Fan",£300.93,None
128,GIGABYTE,"GIGABYTE AORUS GeForce RTX 2080 XTREME WATERFORCE WB 8G Graphics Card, Pre-Installed Waterblock, 8GB 256-Bit GDDR6, GV-N2080AORUSX WB-8GC Video Card",£666.99,13%
129,GIGABYTE,GIGABYTE RTX 2080 TI 11GB GDDR6 GV-N208TWF3-11GC PCI Express 3.0 x16 Video Card,£898.99,None
130,GIGABYTE,"GIGABYTE GeForce RTX 2060 GAMING OC PRO 6G Graphics Card, 3 x WINDFORCE Fans, 6GB 192-Bit GDDR6, GV-N2060GAMINGOC PRO-6GD Video Card",£330.99,None
131,MSI,MSI GeForce RTX 2080 Ti DirectX 12 RTX 2080 TI SEA HAWK EK X 11GB 352-Bit GDDR6 PCI Express 3.0 x16 HDCP Ready SLI Support Video Card,"£1,185.10",None
132,GIGABYTE,"GIGABYTE GeForce GTX 1660 Ti GAMING OC 6G Graphics Card, 3 x WINDFORCE Fans, 6GB 192-Bit GDDR6, GV-N166TGAMING OC-6GD Video Card",£250.99,16%
133,ASUS,ASUS ROG Strix GeForce RTX 2070 DirectX 12 ROG-STRIX-RTX2070-A8G-GAMING 8GB 256-Bit GDDR6 PCI Express 3.0 HDCP Ready Video Card,£479.47,17%
134,EVGA,"EVGA GeForce RTX 2080 SUPER XC GAMING Video Card, 08G-P4-3182-KR, 8GB GDDR6, RGB LED, Metal Backplate",£624.99,None
135,GIGABYTE,"GIGABYTE GeForce GTX 1660 Ti WINDFORCE OC 6G Graphics Card, 2 x WINDFORCE Fans, 6GB 192-Bit GDDR6, GV-N166TWF2OC-6GD Video Card",£246.99,None
136,EVGA,"EVGA GeForce RTX 2080 FTW3 ULTRA HYBRID GAMING, 08G-P4-2284-KR, 8GB GDDR6, RGB LED & iCX2 Technology",£630.99,20%
137,GIGABYTE,"GIGABYTE GeForce RTX 2080 Ti GAMING OC 11G Graphics Card, 3 x WINDFORCE Fans, 11GB 352-Bit GDDR6, GV-N208TGAMING OC-11GC Video Card","£1,001.99",6%
138,GIGABYTE,GIGABYTE GeForce RTX 2060 DirectX 12 GV-N2060GAMINGOC PRO WHITE-6GD 6GB 192-Bit GDDR6 PCI Express 3.0 x16 ATX Video Card,£336.99,None
139,GIGABYTE,"GIGABYTE GeForce RTX 2070 GAMING OC 8G Graphics Card, 3 x WINDFORCE Fans, 8GB 256-Bit GDDR6, GV-N2070GAMING OC-8GC Video Card",£433.99,7%
140,MSI,MSI GeForce GTX 1650 DirectX 12 GTX 1650 VENTUS XS 4G OC 4GB 128-Bit GDDR5 PCI Express 3.0 x16 HDCP Ready Video Card,£140.99,None
141,ZOTAC,"ZOTAC GAMING GeForce RTX 2060 SUPER AMP Extreme 8GB GDDR6 256-bit 14 Gbps Gaming Graphics Card, IceStorm 2.0, Extreme Overclock, Spectra Lighting, ZT-T20610B-10P",£375.99,None
142,EVGA,"EVGA GeForce RTX 2080 FTW3 ULTRA HYDRO COPPER GAMING, 08G-P4-2289-KR, 8GB GDDR6, RGB LED, iCX2 Technology, Metal Backplate",£847.99,None
143,ASUS,ASUS Dual GeForce GTX 1060 DirectX 12 DUAL-GTX1060-O3G 3GB 192-Bit GDDR5 PCI Express 3.0 HDCP Ready Video Card,£211.80,None
144,ASRock,ASRock Phantom Gaming X Radeon RX 590 DirectX 12 RX590 8G OC 8GB 256-Bit GDDR5 PCI Express 3.0 x16 HDCP Ready Video Card,£170.99,None
145,MSI,MSI GeForce RTX 2070 DirectX 12 RTX 2070 DUKE 8G OCV1 8GB 256-Bit GDDR6 PCI Express 3.0 x16 HDCP Ready Video Card,£422.99,None
146,EVGA,"EVGA GeForce RTX 2060 SUPER XC GAMING, 08G-P4-3162-KR, 8GB GDDR6, Dual HDB Fans, RGB LED, Metal Backplate",£393.99,None
147,N/A,Sapphire 11265-09-20G Radeon PULSE RX 580 4GB GDDR5 DUAL HDMI / DVI-D / DUAL DP OC with backplate (UEFI) PCI-E Graphics Card,£139.99,None
148,ASUS,ASUS GeForce RTX 2080 Ti 11G Turbo Edition GDDR6 HDMI DP 1.4 Type-C Graphics Card,£979.99,None
149,MSI,MSI GeForce RTX 2080 GAMING X TRIO Video Card,£774.25,None
150,ZOTAC,"ZOTAC GAMING GeForce GTX 1660 Ti 6GB GDDR6 192-bit Gaming Graphics Card, Super Compact, ZT-T16610F-10L",£238.99,None
151,MSI,MSI GeForce RTX 2060 SUPER DirectX 12 RTX 2060 SUPER ARMOR OC 8GB 256-Bit GDDR6 PCI Express 3.0 x16 HDCP Ready Video Card,£365.99,None
152,GIGABYTE,"GIGABYTE GeForce RTX 2070 GAMING 8G Graphics Card, 3 x WINDFORCE Fans, 8GB 256-Bit GDDR6, GV-N2070GAMING-8GC Video Card",£423.21,None
153,GIGABYTE,"GIGABYTE Geforce RTX 2060 OC GG Graphics Card, 2 x WINDFORCE Fans, 6GB 192-Bit GDDR6, GV-N2060OC-6GD  Video Card",£307.99,None
154,GIGABYTE,"GIGABYTE GeForce GTX 1660 Ti MINI ITX OC 6G Graphics Card, Mini ITX Form Factor, 6GB 192-Bit GDDR6, GV-N166TIXOC-6GD Video Card",£240.99,None
155,EVGA,"EVGA GeForce GTX 1650 XC Black GAMING Video Card, 04G-P4-1151-KR, 4GB GDDR5",£142.62,None
156,MSI,MSI GeForce GTX 1650 DirectX 12 GTX 1650 GAMING X 4G 4GB 128-Bit GDDR5 PCI Express 3.0 x16 HDCP Ready Video Card,£153.34,None
157,GIGABYTE,GIGABYTE RTX 2080 TI TURBO GV-N208TTURBO-11GC Video Card,£974.99,None
158,GIGABYTE,"GIGABYTE GeForce GTX 1650 MINI ITX OC 4G Graphics Card, Mini ITX Form Factor, 4GB 128-Bit GDDR5, GV-N1650IXOC-4GD Video Card",£125.73,None
159,EVGA,"EVGA GeForce GTX 1660 XC ULTRA BLACK GAMING, 06G-P4-1165-KR, 6GB GDDR5, Dual HDB Fan",£204.99,None
160,MSI,MSI GeForce RTX 2070 DirectX 12 RTX 2070 DUKE 8G OC 8GB 256-Bit GDDR6 PCI Express 3.0 x16 HDCP Ready Video Card,£428.09,None
161,GIGABYTE,GIGABYTE AORUS GeForce RTX 2080 SUPER DirectX 12 GV-N208SAORUS WB-8GC 8GB 256-Bit GDDR6 PCI Express 3.0 x16 SLI Support ATX Video Card,£712.99,None
162,PowerColor,PowerColor RED DRAGON Radeon RX 590 DirectX 12 AXRX 590 8GBD5-DHD 8GB 256-Bit GDDR5 PCI Express 3.0 CrossFireX Support ATX Video Card,£199.99,None
163,MSI,MSI GeForce RTX 2080 DUKE 8G OC Video Card,£710.00,15%
164,ASUS,ASUS Phoenix GeForce GTX 1660 Ti PH-GTX1660TI-O6G 6GB 192-Bit GDDR6 PCI Express 3.0 HDCP Ready Video Card,£240.99,None
165,GIGABYTE,"GIGABYTE GeForce GTX 1660 MINI ITX OC 6G Graphics Card, Mini ITX Form Factor, 6GB 192-Bit GDDR5, GV-N1660IXOC-6GD Video Card",£188.99,None
166,GIGABYTE,GIGABYTE GeForce GT 1030 DirectX 12 GV-N1030OC-2GI 2GB 64-Bit GDDR5 PCI Express x16 ATX Video Card,£74.99,None
167,ASUS,ASUS TUF Gaming GeForce RTX 2060 6GB Edition 4K VR Ready HDMI 2.0b DP 1.4 Auto Extreme Graphics Card (TUF-RTX2060-O6G-GAMING),£309.99,None
168,MSI,MSI GeForce RTX 2080 Ti DirectX 12 RTX 2080 Ti SEA HAWK EK 11GB 352-Bit GDDR6 PCI Express 3.0 x16 HDCP Ready SLI Support Video Card,£970.99,None
169,EVGA,"EVGA GeForce GTX 1060 SC GAMING, ACX 2.0 (Single Fan), 03G-P4-6162-KR, 3GB GDDR5, DX12 OSD Support (PXOC)",£189.15,None
170,EVGA,"EVGA GeForce GTX 1660 XC GAMING, 06G-P4-1163-KR, 6GB GDDR5, HDB Fan",£198.81,None
171,ASRock,ASRock Phantom Gaming U Radeon RX 590 DirectX 12 RX 590 8G OC 8GB 256-Bit GDDR5 PCI Express 3.0 x16 HDCP Ready CrossFireX Support Video Card,£187.99,8%
172,EVGA,"EVGA GeForce RTX 2080 Ti FTW3 ULTRA GAMING, 11G-P4-2487-KR, 11GB GDDR6, iCX2 & RGB LED","£1,275.99",None
173,GIGABYTE,"GIGABYTE GeForce GTX 1650 GAMING OC 4G Graphics Card, 2 x WINDFORCE Fans, 4GB 128-Bit GDDR5, GV-N1650GAMING OC-4GD Video Card",£158.82,None
174,ASUS,ASUS ROG STRIX GeForce RTX 2060 DirectX 12 ROG-STRIX-RTX2060-A6G-GAMING 6GB 192-Bit GDDR6 PCI Express 3.0 HDCP Ready Video Card,£347.99,None
175,MSI,MSI GeForce RTX 2070 DirectX 12 RTX 2070 Ventus 8G 8GB 256-Bit GDDR6 PCI Express 3.0 x16 HDCP Ready Video Card,£502.82,None
176,EVGA,"EVGA GeForce RTX 2060 SC GAMING, 06G-P4-2062-KR, 6GB GDDR6, HDB Fan",£300.99,None
177,GIGABYTE,GIGABYTE Radeon RX 550 DirectX 12 GV-RX550D5-2GD REV 2.0 2GB 128-Bit GDDR5 PCI Express 3.0 x8 ATX Video Card,£81.99,13%
178,ASUS,ASUS Dual GeForce RTX 2070 DirectX 12 DUAL-RTX2070-A8G 8GB 256-Bit GDDR6 PCI Express 3.0 HDCP Ready Video Card,£450.99,None
179,GIGABYTE,"GIGABYTE Radeon RX 5700 8G Graphics Card, PCIe 4.0, 8GB 256-Bit GDDR6, GV-R57-8GD-B Video Card",£299.99,None
180,GIGABYTE,"GIGABYTE Radeon RX 5700 8G Graphics Card, PCIe 4.0, 8GB 256-Bit GDDR6, GV-R57-8GD-B Video Card",£299.99,None
181,ZOTAC,ZOTAC GeForce GT 710 DirectX 12 ZT-71304-20L 1GB 64-Bit DDR3 PCI Express x1 HDCP Ready Video Card,£45.95,17%
182,GIGABYTE,GIGABYTE GeForce RTX 2060 DirectX 12 GV-N2060WF2OC-6GD R2 6GB 192-Bit GDDR6 PCI Express 3.0 x16 ATX Video Card,£288.99,8%
183,ASUS,ASUS ROG Strix GeForce GTX 1660 Ti ROG-STRIX-GTX1660TI-A6G-GAMING 6GB 192-Bit GDDR6 PCI Express 3.0 HDCP Ready Video Card,£263.28,None
184,ASUS,ASUS Radeon RX 5700 PCIe 4.0 VR Ready Graphics Card with 8GB GDDR6 Memory and Support for up to 6 Monitors (RX5700-8G),£308.99,None
185,GIGABYTE,"GIGABYTE Geforce RTX 2060 MINI ITX OC 6G Graphics Card, Mini ITX Form Factor, 6GB 192-Bit GDDR6, GV-N2060IXOC-6GD Video Card",£283.01,None
186,EVGA,"EVGA GeForce GTX 1660 XC Ultra GAMING, 06G-P4-1167-KR, 6GB GDDR5, Dual HDB Fans",£217.99,None
187,ASUS,ASUS ROG Strix Radeon RX 590 ROG-STRIX-RX590-8G-GAMING 8GB 256-Bit GDDR5 HDCP Ready CrossFireX Support Video Card,£263.99,None
188,GIGABYTE,"GIGABYTE AORUS GeForce RTX 2080 Super 8G Graphics Card, WINDFORCE Stack, 8GB 256-Bit GDDR6, GV-N208SAORUS-8GC Video Card",£948.78,None
189,ASUS,ASUS Dual GeForce RTX 2080 Ti DirectX 12 DUAL-RTX2080TI-11G 11GB 352-Bit GDDR6 PCI Express 3.0 HDCP Ready SLI Support Video Card,£979.45,None
190,EVGA,"EVGA GeForce RTX 2080 XC HYBRID GAMING, 08G-P4-2184-KR, 8GB GDDR6, HYBRID & RGB LED",£607.99,13%
191,GIGABYTE,"GIGABYTE GeForce GT 1030 Low Profile 2GB, GV-N1030D5-2GL",£74.99,None
192,EVGA,"EVGA GeForce GTX 1660 Ti XC GAMING, 06G-P4-1263-KR, 6GB GDDR6, HDB Fan",N/A,None
193,ASUS,ASUS Dual GeForce RTX 2080 Ti DirectX 12 DUAL-RTX2080TI-O11G 11GB 352-Bit GDDR6 PCI Express 3.0 HDCP Ready SLI Support Video Card,"£1,004.99",None
194,ASUS,ASUS ROG Strix GeForce RTX 2070 DirectX 12 ROG-STRIX-RTX2070-O8G-GAMING 8GB 256-Bit GDDR6 PCI Express 3.0 HDCP Ready Video Card,£451.99,None
195,PowerColor,PowerColor AMD Radeon RX 5700 8GB GDDR6 AXRX 5700 8GBD6-M3DH,£298.99,None
196,ZOTAC,"ZOTAC GeForce GTX 1060 AMP!, ZT-P10600B-10M, 6GB GDDR5 Super Compact Dual-Fan IceStorm Cooling FREEZE Fan Stop",£245.99,None
197,ASUS,ASUS ROG STRIX GeForce RTX 2060 DirectX 12 ROG-STRIX-RTX2060-6G-GAMING 6GB 192-Bit GDDR6 PCI Express 3.0 HDCP Ready Video Card,£332.47,None
198,GIGABYTE,GIGABYTE GeForce RTX 2060 SUPER DirectX 12 GV-N206SGAMING OC WHITE-8GD 8GB 256-Bit GDDR6 PCI Express 3.0 x16 ATX Video Card,£359.99,None
199,ZOTAC,"ZOTAC GAMING GeForce RTX 2080 Ti AMP MAXX 11GB GDDR6 352-bit Gaming Graphics Card, IceStorm 2.0, Factory Overclock, Freeze Fan Stop, Active Fan Control, PowerBoost, Spectra Lighting, ZT-T20810H-10P",£935.99,15%
200,MSI,MSI Gaming GeForce RTX 2060 Super 8GB GDRR6 256-bit HDMI/DP G-SYNC Turing Architecture Overclocked Graphics Card (RTX 2060 Super Ventus OC),£352.99,None
201,MSI,MSI GeForce GT 710 DirectX 12 GT 710 2GD3 LP 2GB 64-Bit DDR3 PCI Express 2.0 HDCP Ready Low Profile Video Card,£56.05,None
202,MSI,MSI Radeon RX 560 DirectX 12 RX 560 AERO ITX 4G OC 4GB 128-Bit GDDR5 PCI Express x16 (Uses x8) HDCP Ready CrossFireX Support Video Card,£138.99,None
203,ASRock,ASRock Phantom Gaming X Radeon RX 570 DirectX 12 RX570 8G OC 8GB 256-Bit GDDR5 PCI Express 3.0 x16 HDCP Ready Video Card,£165.99,None
204,MSI,MSI Radeon RX 5700 XT DirectX 12 RX 5700 XT 8G 8GB 256-Bit GDDR6 PCI Express 4.0 HDCP Ready Video Card,£356.99,None
205,ZOTAC,"ZOTAC GAMING GeForce GTX 1660 Ti AMP 6GB GDDR6 192-bit Gaming Graphics Card, Super Compact, IceStorm 2.0 Cooling - ZT-T16610D-10M",£246.99,None
206,ASUS,ASUS Dual GeForce GTX 1660 Ti DUAL-GTX1660TI-O6G 6GB 192-Bit GDDR6 PCI Express 3.0 HDCP Ready Video Card,£251.23,None
207,ASUS,ASUS GeForce RTX 2080 Overclocked 8G GDDR6 Dual-Fan Edition VR Ready HDMI DP 1.4 USB Type-C Graphics Card (DUAL-RTX2080-O8G),£567.99,None
208,ASUS,ASUS GeForce RTX 2060 SUPER Overclocked 8G EVO GDDR6 Dual-Fan Edition VR Ready HDMI DisplayPort DVI Graphics Card (DUAL-RTX2060S-O8G-EVO),£369.99,None
209,EVGA,"EVGA GeForce GTX 1650 XC GAMING Video Card, 04G-P4-1153-KR, 4GB GDDR5",£135.99,6%
210,ASUS,ASUS Dual GeForce RTX 2080 DirectX 12 DUAL-RTX2080-8G-EVO 8GB 256-Bit GDDR6 PCI Express 3.0 HDCP Ready SLI Support Video Card,£539.99,None
211,ASUS,ASUS TUF Gaming GeForce GTX 1660 Overclocked 6GB Dual-fan Edition HDMI DP DVI Gaming Graphics Card (TUF-GTX1660-O6G-GAMING),£193.67,None
212,EVGA,"EVGA GeForce RTX 2080 BLACK EDITION GAMING, 08G-P4-2081-KR, 8GB GDDR6, Dual HDB Fans & RGB LED",£551.99,None
213,EVGA,"EVGA GeForce GTX 1650 SC ULTRA GAMING, 04G-P4-1057-KR, 4GB GDDR5, Dual Fan, Metal Backplate",£151.22,None
214,ASUS,ASUS GeForce GTX 1060 3GB Phoenix Fan Edition VR Ready HDMI DP DVI Graphics Card (PH-GTX1060-3G),£201.85,None
215,ASUS,ASUS TUF Gaming GeForce GTX 1660 Ti DirectX 12 TUF-GTX1660TI-O6G-GAMING 6GB 192-Bit GDDR6 PCI Express 3.0 HDCP Ready Video Card,£238.80,None
216,EVGA,"EVGA GeForce RTX 2080 XC2 ULTRA GAMING, 08G-P4-2187-KR, 8GB GDDR6, iCX2 & RGB LED",£676.24,17%
217,GIGABYTE,GIGABYTE GeForce GTX 1060 DirectX 12 GV-N1060WF2OC-3GD 3GB 192-Bit GDDR5 PCI Express 3.0 x16 ATX Video Card,£239.46,None
218,ZOTAC,"ZOTAC GAMING GeForce RTX 2080 Ti AMP Extreme Graphic Card, ZT-T20810B-10P, 11GB GDDR6","£1,377.77",None
219,ASUS,ASUS Dual GeForce GTX 1660 Ti DUAL-GTX1660TI-6G 6GB 192-Bit GDDR6 PCI Express 3.0 HDCP Ready Video Card,£255.99,None
220,NVIDIA,NVIDIA Official GeForce RTX 2080 Founders Edition 8GB GDDR6 PCI Express 3.0 Graphics Card,£726.78,None
221,EVGA,"EVGA GeForce GTX 1060 GAMING, ACX 2.0 (Single Fan), 03G-P4-6160-KR, 3GB GDDR5, DX12 OSD Support (PXOC), Only 6.8 Inches",£182.38,None
222,Corn Electronics,CORN NVIDIA GeForce GTX750 Graphic Card 1GB 128 Bit DDR5 DirectX 11 Video Card GPU PCI Express3.0 16X DVI/VGA/HDMI,£53.99,50%
223,GIGABYTE,GIGABYTE Radeon RX 560 14CU DirectX 12 GV-RX560OC-4GD REV2.0 4GB 128-Bit GDDR5 ATX Video Card,£123.08,17%
224,GIGABYTE,"GIGABYTE AORUS GeForce RTX 2070 XTREME 8G Graphics Card, 3 x Stacked WINDFORCE Fans, 8GB 256-Bit GDDR6, GV-N2070AORUS X-8GC Video Card",£604.30,None
225,XFX,XFX Radeon RX 580 DirectX 12 RX-580P8DFD6 XXX Edition 8GB 256-Bit GDDR5 PCI Express 3.0 CrossFireX Support Video Card,£179.99,16%
226,Sapphire Tech,"SAPPHIRE Radeon RX 570 11266-70-21G 16GB 256-Bit GDDR5 PCI Express 3.0 x16 HDCP Ready Video Card, Grin Coin Edition",£314.99,None
227,ASUS,ASUS GeForce GTX 1660 Overclocked 6GB Phoenix Fan Edition HDMI DP DVI Graphics Card (PH-GTX1660-O6G),£184.89,None
228,ASUS,ASUS Dual GeForce RTX 2060 DirectX 12 DUAL-RTX2060-O6G 6GB 192-Bit GDDR6 PCI Express 3.0 HDCP Ready Video Card,£334.99,None
229,ASUS,ASUS ROG Strix GeForce GTX 1660 Ti ROG-STRIX-GTX1660TI-6G-GAMING 6GB 192-Bit GDDR6 PCI Express 3.0 HDCP Ready Video Card,£270.99,None
230,MSI,MSI GeForce RTX 2080 DirectX 12 RTX 2080 AERO 8G 8GB 256-Bit GDDR6 PCI Express 3.0 x16 HDCP Ready SLI Support Video Card,N/A,None
231,ZOTAC,"ZOTAC GAMING GeForce GTX 1650 OC 4GB GDDR5 128-bit Gaming Graphics Card, Super Compact, ZT-T16500F-10L",£127.99,None
232,GIGABYTE,GIGABYTE AORUS Radeon RX 580 DirectX 12 GV-RX580AORUS-4GD 4GB 256-Bit GDDR5 PCI Express 3.0 x16 CrossFireX Support ATX Video Card,£175.60,None
233,ASUS,ASUS Phoenix GeForce RTX 2060 DirectX 12 PH-RTX2060-6G 6GB 192-Bit GDDR6 PCI Express 3.0 HDCP Ready Video Card,£291.99,None
234,MSI,MSI GeForce RTX 2080 DirectX 12 RTX 2080 SEA HAWK 8GB 256-Bit GDDR6 PCI Express 3.0 x16 HDCP Ready SLI Support Video Card,£570.00,None
235,EVGA,"EVGA GeForce RTX 2060 SUPER XC ULTRA GAMING, 08G-P4-3163-KR, 8GB GDDR6, Dual HDB Fans, RGB LED, Metal Backplate",£402.99,None
236,ASUS,ASUS GeForce GTX 1050 Ti 4GB PHOENIX Fan Edition DVI-D HDMI DP 1.4 Gaming Graphics Card (PH-GTX1050Ti-4G),£143.25,23%
237,MSI,MSI GeForce RTX 2080 DirectX 12 RTX 2080 VENTUS GP 8G 8GB 256-Bit GDDR6 PCI Express 3.0 x16 HDCP Ready SLI Support Video Card,£572.99,None
238,ASUS,ASUS Dual GeForce RTX 2070 DirectX 12 DUAL-RTX2070-O8G-EVO 8GB 256-Bit GDDR6 PCI Express 3.0 HDCP Ready Video Card,£449.99,None
239,MSI,MSI GeForce GT 710 DirectX 12 GT 710 1GD3H LPV1 1GB 64-Bit DDR3 PCI Express 2.0 x8 HDCP Ready Low Profile Video Card,£43.59,None
240,Sapphire Tech,SAPPHIRE Radeon R7 350 DirectX 12 100385L 2GB 128-Bit DDR5 PCI Express 3.0 x8 HDCP Ready CrossFireX Support ATX Video Card,£50.99,32%
241,NVIDIA,NVIDIA GeForce RTX 2080 Ti Founders Edition 11GB GDDR6 PCI Express 3.0 Graphics Card with Free Battlefield V Combo,"£1,254.57",None
242,MSI,MSI GeForce RTX 2070 DirectX 12 RTX 2070 ARMOR 8G OC 8GB 256-Bit GDDR6 PCI Express 3.0 x16 HDCP Ready Video Card,£503.26,None
243,ASUS,ASUS Dual GeForce RTX 2060 DirectX 12 DUAL-RTX2060-A6G 6GB 192-Bit GDDR6 PCI Express 3.0 HDCP Ready Video Card,£330.99,None
244,MSI,MSI GeForce GTX 1050 Ti DirectX 12 GTX 1050 Ti GAMING X 4G 4GB 128-Bit GDDR5 PCI Express 3.0 x16 HDCP Ready ATX Video Card,£144.44,None
245,EVGA,"EVGA GeForce RTX 2080 SUPER FTW3 HYDRO COPPER GAMING Video Card, 08G-P4-3289-KR, 8GB GDDR6, RGB LED, iCX2 Technology, Metal Backplate",£751.99,None
246,MSI,MSI Radeon RX Vega 56 DirectX 12 RX Vega 56 Air Boost 8G OC 8GB 2048-Bit HBM2 PCI Express x16 HDCP Ready CrossFireX Support ATX Video Card,£481.42,None
247,MSI,MSI GeForce RTX 2080 TI GAMING X TRIO Video Card,"£1,079.99",None
248,EVGA,"EVGA GeForce GT 1030 SC, 02G-P4-6332-KR, 2GB GDDR5, Passive, Low Profile",£77.92,5%
249,MSI,MSI Radeon RX 560 DirectX 12 Radeon RX 560 4GT LP OC 4GB 128-Bit GDDR5 PCI Express x16 (Uses x8) HDCP Ready CrossFireX Support Low Profile Video Card,£124.99,None
250,EVGA,"EVGA GeForce RTX 2080 SUPER BLACK GAMING, 08G-P4-3081-KR, 8GB GDDR6",£626.79,None
251,MSI,MSI Radeon R7 240 DirectX 11.2 R7 240 2GD3 64b LP 2GB 64-Bit DDR3 HDCP Ready CrossFireX Support Low Profile Video Card,£41.43,16%
252,ASUS,ASUS GeForce GTX 1650 Overclocked 4GB Dual-fan Edition HDMI DP 1.4 DVI Graphics Card (DUAL-GTX1650-O4G),£139.99,None
253,EVGA,EVGA GeForce GT 730 DirectX 12 02G-P3-1733-KR 2GB 64-Bit DDR3 PCI Express 2.0 x8 Video Card,£57.84,None
254,ASUS,ASUS GeForce RTX 2080 8G GDDR6 Dual-Fan Edition VR Ready HDMI DP USB Type-C Graphics Card (DUAL-RTX2080-8G),£604.99,5%
255,EVGA,"EVGA GeForce GTX 1650 XC Ultra GAMING Video Card, 04G-P4-1157-KR, 4GB GDDR5",£152.99,None
256,ASUS,ASUS ROG Strix GeForce GTX 1650 Overclocked 4GB Edition HDMI 2.0 DP 1.4 Gaming Graphics Card (ROG-STRIX-GTX1650-O4G-GAMING),£150.90,None
257,ASUS,ASUS GeForce RTX 2060 SUPER 8G EVO GDDR6 Dual-Fan Edition VR Ready HDMI DisplayPort DVI-D Graphics Card (DUAL-RTX2060S-8G-EVO),£359.99,None
258,ZOTAC,"ZOTAC GAMING GeForce RTX 2070 AMP Extreme Core 8GB GDDR6 256-bit Graphics Card, IceStorm 2.0, Active Fan Control, Metal Wraparound Backplate, Spectra RGB LED Lighting (ZT-T20700C-10P)",£508.59,None
259,NVIDIA,NVIDIA GeForce RTX 2070 Founders Edition 8GB GDDR6 PCI Express 3.1 Graphics Card with Free Forza Horizon 4 Combo,£484.52,None
260,EVGA,EVGA GeForce RTX 2080 Ti GAMING 11GB GDDR6 HDMI/3 x DisplayPort/USB Type-C PCI-Express Video Card,£984.32,17%
261,GIGABYTE,GIGABYTE GeForce GT 710 DirectX 12 GV-N710D5-2GL 2GB 64-Bit DDR5 PCI Express 2.0 x8 Low Profile Video Card,£46.99,None
262,ASUS,ASUS Dual GeForce RTX 2080 Ti DirectX 12 DUAL-RTX2080TI-A11G 11GB 352-Bit GDDR6 PCI Express 3.0 HDCP Ready SLI Support Video Card,£988.74,None
263,AMD,AMD Radeon RX 580 8GB GDDR5 PCI Express 3.0 Gaming Graphics Card - OEM,£327.99,None
264,GIGABYTE,"GIGABYTE GeForce GT 1030 Slience Low Profile 2GB, GV-N1030SL-2GL",£83.99,6%
265,EVGA,"EVGA GeForce GTX 1660 Ti XC Black GAMING, 06G-P4-1261-KR, 6GB GDDR6, HDB Fan",£245.99,12%
266,Sapphire Tech,"Sapphire Radeon NITRO+ RX 570 4GB GDDR5 PCI-E Dual HDMI / DVI-D / Dual DP w/ Backplate (UEFI), 100412NT+4GL",£162.65,None
267,ZOTAC,ZOTAC GeForce GTX 1080 Ti AMP Extreme 11GB GDDR5X 352-bit Gaming Graphics Card VR Ready 16+2 Power Phase Freeze Fan Stop IceStorm Cooling Spectra Lighting ZT-P10810C-10P,"£1,066.99",None
268,ASRock,ASRock Phantom Gaming X Radeon RX 570 DirectX 12 RX570 4G OC 4GB 256-Bit GDDR5 PCI Express 3.0 x16 HDCP Ready Video Card,£222.46,21%
269,ASUS,ASUS GeForce RTX 2080 Advanced Overclocked 8G GDDR6 Dual-Fan Edition VR Ready HDMI DP USB Type-C Graphics Card (DUAL-RTX2080-A8G),£645.99,None
270,GIGABYTE,GIGABYTE Radeon RX Vega 56 DirectX 12 GV-RXVEGA56GAMING OC-8GD 8GB 2048-Bit HBM2 PCI Express 3.0 x16 CrossFireX Support ATX Video Card,£294.17,None
271,ZOTAC,"ZOTAC GAMING GeForce RTX 2080 Ti AMP 11GB GDDR6 352-bit Gaming Graphics Card, Active Fan Control, Metal Backplate, Spectra Lighting (ZT-T20810D-10P)","£1,100.42",None
272,ASUS,ASUS ROG STRIX GeForce RTX 2080 8G GDDR6 HDMI DP 1.4 USB Type-C Gaming Graphics Card (ROG-STRIX-RTX2080-8G-GAMING),£715.40,17%
273,NVIDIA,NVIDIA GeForce RTX 2070 Founders Edition 8GB GDDR6 PCI Express 3.1 Graphics Card with PCIe Riser,£458.56,None
274,EVGA,"EVGA GeForce RTX 2080 Ti XC GAMING, 11G-P4-2382-KR, 11GB GDDR6, Dual HDB Fans & RGB LED","£1,051.99",None
275,NVIDIA,NVIDIA GeForce RTX 2080 Ti Founders Edition 11GB GDDR6 PCI Express 3.0 Graphics Card with 1000W Power Supply Combo,"£1,341.09",None
276,NVIDIA,NVIDIA GeForce RTX 2070 Founders Edition 8GB GDDR6 PCI Express 3.1 Graphics Card with 1000W Full Modular Power Supply Combo,£605.65,None
277,AMD,Crossfire Ready Bundle GIGABYTE Radeon RX Vega 56 VR Friendly Gaming Graphic Card and Crossfire Ready Rosewill Quark-1000 W 80Plus Platinum Certified Power Supply,£865.23,None
278,Sapphire Tech,SAPPHIRE NITRO+ Radeon RX Vega 56 DirectX 12 100420NT+LESR 8GB 2048-Bit HBM2 PCI Express 3.0 CrossFireX Support ATX Video Card,£593.99,None
279,MSI,MSI GeForce GT 730 DirectX 12 N730-2GD3V3 2GB 128-Bit DDR3 PCI Express 2.0 x16 HDCP Ready ATX Video Card,£61.43,None
280,NVIDIA,NVIDIA GeForce RTX 2070 Founders Edition 8GB GDDR6 PCI Express 3.1 Graphics Card with Free Battlefield V Combo,£484.52,None
281,ASUS,ASUS Dual GeForce RTX 2070 DirectX 12 DUAL-RTX2070-O8G 8GB 256-Bit GDDR6 PCI Express 3.0 HDCP Ready Video Card,£492.31,17%
282,ASUS,ASUS Dual GeForce RTX 2080 DirectX 12 DUAL-RTX2080-O8G-EVO 8GB 256-Bit GDDR6 PCI Express 3.0 HDCP Ready SLI Support Video Card,£556.99,None
283,EVGA,"EVGA GeForce RTX 2070 GAMING, 08G-P4-2070-KR, 8GB GDDR6, RGB LED",£434.59,17%
284,GIGABYTE,"GIGABYTE GeForce RTX 2080 GAMING OC WHITE 8G Graphics Card, 3 x WINDFORCE Fans, 8GB 256-Bit GDDR6, GV-N2080GAMINGOC WHITE-8GC Video Card",£678.99,None
285,EVGA,EVGA GeForce GT 710 DirectX 12 01G-P3-2711-KR 1GB 64-Bit DDR3 PCI Express 2.0 Low Profile Video Card,£40.38,None
286,MSI,MSI GeForce GTX 1050 Ti DirectX 12 GTX 1050 TI 4GT LP 4GB 128-Bit GDDR5 PCI Express 3.0 x16 HDCP Ready Low Profile Video Card,£153.99,None
287,GIGABYTE,GIGABYTE Radeon RX 580 DirectX 12 GV-RX580GAMING-4GD 4GB 256-Bit GDDR5 PCI Express 3.0 x16 CrossFireX Support ATX Video Card,£180.36,40%
288,"PNY Technologies, Inc.",PNY GeForce RTX 2080 Ti 11GB XLR8 Gaming Overclocked Edition Graphics Card,"£1,132.40",None
289,ASUS,ASUS GeForce GT 1030 2GB Phoenix Fan OC Edition HDMI DVI Graphics Card (PH-GT1030-O2G),£86.86,23%
290,ASUS,ASUS ROG Strix GeForce GTX 1650 Advanced Overclocked 4GB Edition HDMI 2.0 DP 1.4 Gaming Graphics Card (ROG-STRIX-GTX1650-A4G-GAMING),£149.99,None
291,XFX,XFX Radeon RX 550 DirectX 12 RX-550P4SFG5 4GB 128-Bit DDR5 PCI Express 3.0 Video Card,£125.99,16%
292,ZOTAC,"ZOTAC GAMING GeForce RTX 2080 Ti Blower Graphic Card, ZT-T20810A-10P, 11GB GDDR6","£1,250.48",None
293,NVIDIA,NVIDIA GeForce RTX 2060 Super Founders Edition - 8GB GDDR6 - 2176 Cores - Ray Tracing - DP/HDMI/DVI-DL - VR Ready with Free Battlefield V Code,£458.56,None
294,Sapphire Tech,"SAPPHIRE NITRO+ Radeon RX 580 DirectX 12 100411NT+4G-2L 4GB 256-Bit GDDR5 CrossFireX Support ATX Video Card w/ Backplate (UEFI), SAMSUNG MEMORY",£166.25,None
295,EVGA,EVGA GeForce 8400 GS DirectX 10 01G-P3-1302-LR 1GB 64-Bit DDR3 PCI Express 2.0 x16 HDCP Ready Video Card,£32.99,None
296,EVGA,"EVGA GeForce GTX 1060 GAMING, ACX 2.0 (Single Fan), 06G-P4-6161-KR, 6GB GDDR5, DX12 OSD Support (PXOC), Only 6.8 Inches",£274.30,None
297,MSI,MSI GeForce GT 710 DirectX 12 GT 710 1GD3H LP 1GB 64-Bit DDR3 PCI Express 2.0 x16 HDCP Ready Low Profile Video Card,£43.95,None
298,EVGA,"EVGA GeForce GT 1030 SC, 02G-P4-6333-KR, 2GB GDDR5, Low Profile",£87.99,None
299,ZOTAC,"ZOTAC GeForce GTX 1080 Mini, ZT-P10800H-10P, 8GB GDDR5X IceStorm Cooling, Dual Fans, 90mm Pressure Optimized Fan, 100mm Maximum Airflow Optimized Fan, Direct GPU Copper Block Contact, Metal Back Plate",£604.79,None
300,ASUS,ASUS ROG STRIX GeForce GTX 1060 DirectX 12 ROG-STRIX-GTX1060-A6G-GAMING 6GB 192-Bit GDDR5 PCI Express 3.0 HDCP Ready Video Card,£334.99,17%
301,GIGABYTE,GIGABYTE GeForce GTX 1050 Ti DirectX 12 GV-N105TD5-4GD 4GB 128-Bit GDDR5 PCI Express 3.0 x16 ATX Video Cards,£175.31,None
302,Sapphire Tech,"Sapphire Radeon NITRO+ RX 590 8GB GDDR5 PCI-E Dual HDMI / DVI-D / Dual DP OC w/ Backplate SPECIAL EDITION (UEFI), 100415NT+8GSEL",£183.99,13%
303,EVGA,"EVGA GeForce RTX 2080 Ti XC ULTRA GAMING, 11G-P4-2383-KR, 11GB GDDR6, Dual HDB Fans & RGB LED",£985.99,36%
304,Sapphire Tech,Sapphire 11266-34-20g PULSE Radeon RX 570 ITX 4G GDDR5 HDMI/DVI-D/DP (UEFI) Graphics Cards,£182.99,16%
305,MSI,MSI GeForce 210 DirectX 10.1 N210-MD1G/D3 1GB 64-Bit DDR3 PCI Express 2.0 x16 HDCP Ready Low Profile Ready Video Card,£38.99,None
306,MSI,MSI GeForce GTX 1060 DirectX 12 GTX 1060 AERO ITX 6G OC 6GB 192-Bit GDDR5 PCI Express 3.0 x16 HDCP Ready Video Card,£254.00,None
307,MSI,MSI 131207 GeForce GTX 1050 Ti DirectX 12 GTX 1050 Ti 4G OC 4GB 128-Bit GDDR5 PCI Express 3.0 x16 HDCP Ready Video Card,£196.58,None
308,Sapphire Tech,"Sapphire NITRO+ Radeon RX 570 8GB GDDR5 PCI-E Dual HDMI / DVI-D / Dual DP w/ Backplate (UEFI), 100412NT+8GL",£181.69,None
309,NVIDIA,NVIDIA GeForce RTX 2080 Ti Founders Edition 11GB GDDR6 PCI Express 3.0 Graphics Card with Free Forza Horizon 4 Combo,"£1,297.83",None
310,"PNY Technologies, Inc.",PNY GeForce GTX 1070 Ti DirectX 12 VCGGTX1070T8PB-BB 8GB 256-Bit GDDR5 PCI Express 3.0 x16 SLI Support Video Card,£732.81,None
311,XFX,XFX Radeon R7 240 R7-240A-2TS4 2GB 128-Bit DDR3 PCI Express 3.0 Video Card,£47.99,None
312,ASUS,ASUS Radeon RX 580 O4G Dual-fan OC Edition GDDR5 DP HDMI DVI VR Ready AMD Graphics Card (DUAL-RX580-O4G),£368.37,None
313,VisionTek,"VisionTek Radeon 5450 SFF 512MB DDR3 3M (2 x DVI-I, miniDP) (900530)",£66.92,19%
314,Diamond Multimedia,DIAMOND Radeon HD 6450 DirectX 11 6450PE31G 1GB 64-Bit GDDR3 PCI Express 2.1 x16 HDCP Ready CrossFireX Support Video Card,N/A,None
315,VisionTek,"VisionTek Radeon 5450 512MB DDR3 3M (2 x DVI-I, miniDP) (900529)",£94.34,None
316,ASUS,ASUS AREZ RX 560 O2G OC Edition GDDR5 DP HDMI DVI AMD Graphics Card (AREZ-RX560-O2G-EVO),£120.99,None
317,EVGA,"EVGA GeForce RTX 2070 XC BLACK EDITION GAMING, 08G-P4-1171-KR, 8GB GDDR6, Dual HDB Fans",£457.99,None
318,ZOTAC,"ZOTAC GAMING GeForce RTX 2070 AMP Extreme 8GB GDDR6 256-bit Graphics Card, IceStorm 2.0, Active Fan Control, Metal Wraparound Backplate, Spectra RGB LED Lighting (ZT-T20700B-10P)",£443.94,None
319,MSI,MSI NVLink GPU BRIDGE 2 way 3 Slot 60mm Compatible RTX 2080 Ti series,£97.99,None
320,GIGABYTE,"GIGABYTE GeForce RTX 2080 TURBO OC 8G Graphics Card, Turbo Style Fan, 8GB 256-Bit GDDR6, GV-N2080TURBO OC-8GC Video Card",£681.75,None
321,ZOTAC,"ZOTAC GAMING GeForce RTX 2080 AMP 8GB GDDR6 256-bit Gaming Graphics Card, Active Fan Control, Metal Backplate, Spectra Lighting (ZT-T20800D-10P)",£691.88,None
322,Sapphire Tech,"Sapphire Radeon Nitro+ RX 570 4GB GDDR5 2xHDMI(VR Friendly),1xDVI-D,2xDP with Backplate PCI-E Graphics Card",£164.38,None
323,GIGABYTE,"GIGABYTE Radeon RX 590 Gaming 8G Graphics Card, 2 x WINDFORCE Fans, 8GB 256-Bit GDDR5, GV-RX590GAMING-8GD Video Card",£214.29,None
324,Sapphire Tech,"Sapphire Radeon Nitro+ RX 570 4GB GDDR5 2xHDMI(VR Friendly),1xDVI-D,2xDP with Backplate PCI-E Graphics Card",£164.38,None
325,GIGABYTE,"GIGABYTE Radeon RX 590 Gaming 8G Graphics Card, 2 x WINDFORCE Fans, 8GB 256-Bit GDDR5, GV-RX590GAMING-8GD Video Card",£214.29,None
326,XFX,XFX Radeon RX 590 Fatboy DirectX 12 RX-590P8DFD6 8GB 256-Bit DDR5 PCI Express 3.0 CrossFireX Support Video Card,£217.36,None
327,ZOTAC,ZOTAC GeForce GTX 1050 Ti DirectX 12 ZT-P10510E-10L 4GB 128-Bit GDDR5 PCI Express 3.0 HDCP Ready Low Profile Video Card,£186.14,None
328,ASUS,ASUS ROG Strix Radeon RX 560 O4GB Gaming OC Edition GDDR5 DP HDMI DVI AMD Graphics Card (ROG-STRIX-RX560-O4G-GAMING),£144.99,None
329,ASUS,ASUS ROG Strix Radeon RX 580 O8G Gaming OC Edition GDDR5 DP HDMI DVI VR Ready AMD Graphics Card with RGB Lighting (ROG-STRIX-RX580-O8G-GAMING),£329.99,None
330,EVGA,EVGA GeForce GT 1030 DirectX 12 02G-P4-6232-KR 2GB 64-Bit SDDR4 PCI Express 3.0 Low Profile Ready Video Card,£73.99,None
331,ZOTAC,ZOTAC GeForce GT 730 DirectX 12 (feature level 11_0) ZT-71113-20L 2GB 64-Bit DDR3 PCI Express 2.0 x16 (x8 lanes) HDCP Ready Zone Edition Video Card,£74.16,17%
332,EVGA,EVGA 200 GeForce 210 DirectX 10.1 01G-P3-1312-LR 1GB 64-Bit DDR3 PCI Express 2.0 x16 HDCP Ready Low Profile Video Card,£40.67,16%
333,ASUS,ASUS GeForce GT 1030 2GB GDDR5 HDMI DVI Graphics Card (GT1030-2G-CSM),£93.00,16%
334,EVGA,"EVGA GeForce RTX 2080 XC ULTRA GAMING, 08G-P4-2183-KR, 8GB GDDR6, Dual HDB Fans & RGB LED",£603.99,13%
335,Sapphire Tech,"Sapphire NITRO+ Radeon RX 590 Graphic Card - 1.56 GHz Boost Clock - 8 GB GDDR5 - Dual Slot Space Required - 256 bit Bus Width - Fan Cooler - OpenGL 4.5, OpenCL 2.0, DirectX 12 - 2 x DisplayPort - 2 x",£215.79,None
336,ZOTAC,ZOTAC GeForce GTX 1080 Ti AMP Edition 11GB GDDR5X 352-bit Gaming Graphics Card VR Ready 16+2 Power Phase Freeze Fan Stop IceStorm Cooling Spectra Lighting ZT-P10810D-10P,"£1,025.99",None
337,Sapphire Tech,6 Packs of Sapphire Radeon NITRO+ RX 570 8GB GDDR5 PCI-E Dual HDMI / DVI-D / Dual DP w/ Backplate (UEFI),"£1,038.27",None
338,Corn Electronics,CORN NVIDIA GeForce GTX750 Ti 4GB 128Bit GDDR5 Graphic Card Video Card GPU DirectX 12 PCI Express3.0 x16 DVI-D/VGA/HDMI,£149.99,35%
339,ZOTAC,ZOTAC GeForce GT 730 DirectX 12 (feature level 11_0) ZT-71115-20L 4GB 64-Bit DDR3 PCI Express 2.0 Zone Edition Video Card,£70.17,None
340,MSI,MSI R7 240 2GD3 LP Radeon R7 240 Graphic Card - 730 MHz Core - 780 MHz Boost Clock - 2 GB DDR3 SDRAM - Low-profile,£41.99,None
341,"PNY Technologies, Inc.",PNY GeForce GTX 1660 Ti Graphic Card - 6 GB,£263.73,None
342,Sapphire Tech,"Sapphire Radeon Nitro+ RX 570 8GB GDDR5 2xHDMI(VR Friendly),1xDVI-D,2xDP with Backplate PCI-E Graphics Card",£181.69,None
343,GIGABYTE,"GIGABYTE GeForce GTX 1050 Ti OC Low Profile 4GB Video Card, GBTGV-N105TOC-4GL",£196.99,17%
344,EVGA,EVGA GeForce 210 DirectX 10.1 01G-P3-1313-KR 1GB 64-Bit DDR3 PCI Express 2.0 HDCP Ready Low Profile Ready Video Card,£36.15,None
345,ZOTAC,ZOTAC GAMING GeForce RTX 2080 AMP Extreme 8GB GDDR6 256-bit Graphics Card (ZT-T20800B-10P),£612.99,None
346,NVIDIA,NVIDIA GeForce RTX 2080 Founders Edition 8GB GDDR6 PCI Express 3.0 Graphics Card with PCIe Riser,£744.08,None
347,"PNY Technologies, Inc.",PNY GeForce GTX 1650 4GB XLR8 Gaming Overclocked Edition Graphics Card,£142.89,9%
348,ZOTAC,"ZOTAC GAMING GeForce GTX 1660 AMP 6GB GDDR5 192-bit Gaming Graphics Card, Super Compact, IceStorm 2.0 Cooling, Wraparound Metal Backplate - ZT-T16600D-10M",£234.74,None
349,GIGABYTE,GIGABYTE Radeon RX 470 DirectX 12 GV-RX470WF2-4GD-MI Video Card,£173.04,None
350,NVIDIA,NVIDIA GeForce RTX 2080 Founders Edition 8GB GDDR6 PCI Express 3.0 Graphics Card with 1000W Full Modular Power Supply,£951.74,None
351,XFX,"XFX Radeon RX 560 2GB 128-Bit DDR5 PCI Express 3.0 Video Card, RX-560D2SFG5",£89.80,9%
352,GIGABYTE,"GIGABYTE GeForce GTX 1070 8GB WINDFORCE OC, GV-N1070WF2OC-8GD R2",£574.99,None
353,MSI,MSI GeForce GTX 1060 6GT OC GDDR5 6GB Dual Fan OC,£360.45,None
354,XFX,XFX Radeon RX 570 DirectX 12 RX-570P8DFD6 8GB 256-Bit DDR5 PCI Express 3.0 CrossFireX Support Video Card,£242.25,None
355,GIGABYTE,GIGABYTE GeForce GTX 1060 Mini ITX OC 3GB GV-N1060IXOC-3GD Video Card,£248.83,None
356,NVIDIA,COD ( Call of Duty ) PC Game and Nvidia GeForce RTX 2080 Ti 11GB GDDR6 Founders Edition Turing Architecture Graphics Card Brings The Power of Real-time ray tracing and AI to Games,"£1,302.87",None
357,Sapphire Tech,"Sapphire PULSE Radeon RX 580 4GB GDDR5 PCI-E Dual HDMI / DVI-D / Dual DP OC w/ Backplate (UEFI), 100411P4GOCL",£181.69,None
358,MSI,MSI GeForce GTX 1650 DirectX 12 GTX 1650 AERO ITX 4G OC 4GB 128-Bit GDDR5 PCI Express 3.0 x16 HDCP Ready Video Card,£135.99,None
359,ASUS,ASUS GeForce GTX 1050 CERBERUS-GTX1050-O2G 2GB 128-Bit GDDR5 PCI Express 3.0 HDCP Ready Video Card,£136.99,None
360,MSI,MSI G2080GXT NVIDIA GeForce RTX 2080 Gaming X TRIO 8GB GDDR6 HDMI 3 Display Port USB Type-C PCI-Express Video Card,£772.99,None
361,ASUS,ASUS Dual GeForce GTX 1650 4GB GDDR5 Video Graphics Card,£137.99,None
362,GIGABYTE,"GIGABYTE GeForce RTX 2060 OC GG Graphics Card, 2X Windforce Fans, 6GB 192-bit GDDR6, Gv-N2060OC-6GD REV2.0 Video Card",£307.99,None
363,Sapphire Tech,Sapphire 11256-57-21G Radeon RX 470 8GB GDDR5 Video Card Brown Box,£306.99,17%
364,EVGA,"EVGA GeForce RTX 2070 XC BLACK EDITION GAMING, 08G-P4-2071-KR, 8GB GDDR6, Dual HDB Fans & RGB LED",£500.82,None
365,Sapphire Tech,Sapphire VCX 21294-01-20G Radeon RX 5700 8GB DDR6 256bit PCIE HDMI 3xDP ,£325.34,None
366,EVGA,EVGA GeForce GT 730 DirectX 12 01G-P3-2731-KR 1GB 128-Bit DDR3 PCI Express 2.0 Video Card,£60.94,None
367,VisionTek,"Visiontek Radeon HD 7750 SFF 1GB DDR3 3M (2 x HDMI, Mini DP), 900574",£127.04,14%
368,N/A,"OCPC Radeon RX 560 4GB GDDR5 Video Card, 901210",£107.29,None
369,GIGABYTE,GIGABYTE GeForce GTX 1050 Ti DirectX 12 GV-N105TG1 GAMING-4GD 4GB 128-Bit GDDR5 PCI Express 3.0 x16 ATX Video Card,£265.21,None
370,VisionTek,"Visiontek Radeon HD 7750 2GB GDDR5 6M (6 x Mini DP), 900614",£196.51,23%
371,ASUS,ASUS GeForce GT 710 1GB GDDR5 HDMI VGA DVI Graphics Card (GT710-SL-1GD5-BRK),£44.99,21%
372,EVGA,EVGA GeForce GTX 1650 XC Ultra Black Gaming Graphic Card 4GB GDDR5 04GP41155KR,£156.34,None
373,ASUS,ASUS Radeon R7 240 DirectX 11.2 R7240-2GD3-L 2GB 128-Bit DDR3 PCI Express 3.0 HDCP Ready Low Profile Video Card,£67.19,None
374,ASUS,ASUS Radeon RX 580 DirectX 12 DUAL-RX580-O8G 8GB 256-Bit GDDR5 HDCP Ready CrossFireX Support Video Card,£304.99,None
375,NVIDIA,NVIDIA GeForce RTX 2080 Founders Edition 8GB GDDR6 PCI Express 3.0 Graphics Card with Free Battlefield V Combo,£752.74,None
376,EVGA,EVGA GeForce GT 730 DirectX 12 02G-P3-2732-KR 2GB 128-Bit DDR3 PCI Express 2.0 Low Profile Video Card,£75.09,None
377,ASUS,ASUS GeForce GT 710 DirectX 12 710-2-SL-CSM 2GB 64-Bit DDR3 PCI Express 2.0 x8 HDCP Ready Video Card,£60.70,None
378,NVIDIA,NVIDIA GeForce GTX Titan Xp Graphic Card - 1.42 GHz Core - 1.58 GHz Boost Clock - 12 GB GDDR5X - Dual Slot Space Required,"£1,455.99",None
379,Corn Electronics,CORN NVIDIA GeForce GTX750Ti 2GB 128Bit GDDR5 Graphic Card Video Card GPU DirectX 12 PCI Express3.0 x16 DVI-D/VGA/HDMI,£85.99,31%
380,ASUS,ASUS Radeon RX 550 DirectX 12 AREZ-PH-RX550-2G 2GB 128-Bit GDDR5 PCI Express 3.0 HDCP Ready CrossFireX Support Video Card,£102.99,None
381,NVIDIA,NVIDIA Titan XP 12GB Star Wars Collector Edition JEDI Order Video Card 900-1G611-2531-000-RET,"£1,531.99",None
382,"PNY Technologies, Inc.",PNY GeForce GT 1030 2GB (VCGGT10302PB),£90.93,8%
383,ZOTAC,ZOTAC GeForce GTX 1050 DirectX 12 ZT-P10500E-10L 2GB 128-Bit GDDR5 PCI Express 3.0 HDCP Ready Low Profile Video Card,£162.99,None
384,"PNY Technologies, Inc.",PNY GeForce RTX 2080 Ti 11GB Blower Graphics Card,"£1,056.53",17%
385,ASUS,ASUS ROG Radeon RX Vega 64 STRIX-RXVEGA64-O8G-GAMING 8GB 2048-Bit HBM2 PCI Express 3.0 HDCP Ready Video Card,£670.76,17%
386,EVGA,EVGA GeForce GT 710 DirectX 12 02G-P3-2713-KR 2GB 64-Bit DDR3 PCI Express 2.0 Video Card,£61.91,17%
387,VisionTek,"Visiontek Radeon HD 5450 1GB DDR3 (DVI-I, HDMI, VGA), 900358",£41.09,45%
388,XFX,XFX DOUBLE DISSIPATION R9 380 990MHZ XXX OC 2GB DDR5 DISPLAYPORT HDMI DUAL DVI Graphics Cards R9-380,£279.32,None
389,ZOTAC,"ZOTAC GAMING GeForce RTX 2060 SUPER AMP 8GB GDDR6 256-bit 14 Gbps Gaming Graphics Card, IceStorm 2.0, Strong Overclock, Spectra Lighting, ZT-T20610D-10P",£504.47,None
390,"PNY Technologies, Inc.",PNY GeForce GTX 1080 DirectX 12 VCGGTX10808PB 8GB 256-Bit GDDR5X PCI Express 3.0 x16 Blower Edition Video Card,£767.66,None
391,MSI,MSI NVIDIA GeForce GTX 1660 Ti VENTUS XS 6GB GDDR6 HDMI/3DisplayPort PCI-Express Video Card,£263.55,None
392,VisionTek,VisionTek Radeon 7750 SFF 2GB GDDR5 4M (4 x miniDP) (900798),£173.84,8%
393,MSI,MSI Radeon RX 550 DirectX 12 RX 550 AERO ITX 4G OC 4GB 128-Bit GDDR5 PCI Express x16 (Uses x8) HDCP Ready Video Card,£119.54,None
394,VisionTek,VisionTek VTKRAD7K64P Radeon 7000 64MB DDR PCI Video Card,£38.76,6%
395,EVGA,"EVGA GeForce RTX 2080 Graphic Card - 1.71 GHz Boost Clock - 8 GB GDDR6 - Dual Slot Space Required - 256 bit Bus Width - Fan Cooler - OpenGL 4.5, DirectX 12, Vulkan - 3 x DisplayPort - 1 x HDMI - PC -",£668.55,17%
396,EVGA,"EVGA GeForce RTX 2080 Graphic Card - 1.71 GHz Boost Clock - 8 GB GDDR6 - Dual Slot Space Required - 256 bit Bus Width - Fan Cooler - OpenGL 4.5, DirectX 12, Vulkan - 3 x DisplayPort - 1 x HDMI - PC -",£668.55,17%
397,ZOTAC,"ZOTAC GAMING GeForce RTX 2080 Twin Fan 8GB GDDR6 256-bit Gaming Graphics Card, IceStorm 2.0 Cooling, Active Fan Control, Metal Backplate, Spectra Lighting, ZT-T20800G-10P",£655.64,None
398,VisionTek,VisionTek Radeon HD 6570 Graphic Card - 650 MHz Core - 2 GB DDR3 SDRAM - Full-height - 128 bit Bus Width - Fan Cooler - DirectX 11.0 - 1 x HDMI - 1 x VGA - 1 x Total Number of DVI (1 x DVI-D) - Dual L,£49.99,19%
399,"PNY Technologies, Inc.",PNY GeForce GTX 1050 DirectX 12 VCGGTX 10502PB-BB 2GB 128-Bit GDDR5 PCI Express 3.0 x16 HDCP Ready Video Card,£187.87,None
400,EVGA,"EVGA GeForce GTX 1050 SC GAMING, 02G-P4-6152-KR, 2GB GDDR5, DX12 OSD Support (PXOC)",£201.78,None
401,ZOTAC,ZOTAC GeForce GT 1030 2GB GDDR5 64-bit PCIe 3.0 DirectX 12 HDCP Ready Low Profile Video Card ZT-P10300A-10L,£73.67,None
402,XFX,XFX GTS Black Edition RX 580 8GB OC+ 1425MHz RX-580P8DBD6 DDR5 3xDP HDMI DVI With XFX Custom Backplate,£304.03,None
403,AMD,AMD Radeon RX 570 4GB GDDR5 PCI Express 3.0 Gaming Graphics Card - OEM,£492.99,None
404,NVIDIA,NVIDIA GeForce RTX 2080 Founders Edition 8GB GDDR6 PCI Express 3.0 Graphics Card with Free Forza Horizon 4 Combo,£752.74,None
405,ASUS,ASUS Turbo GeForce RTX 2080 DirectX 12 TURBO-RTX2080-8G-EVO 8GB 256-Bit GDDR6 PCI Express 3.0 HDCP Ready SLI Support Video Card,£642.58,17%
406,MSI,MSI GeForce GT 710 DirectX 12 GT 710 2GD3H LP 2GB 64-Bit DDR3 PCI Express 2.0 x16 HDCP Ready Low Profile Video Card,£52.63,None
407,"PNY Technologies, Inc.","PNY GeForce RTX 2070 8GB XLR8 Gaming Overclocked Edition Graphics Card, VCG20708DFPPB-O",£585.23,17%
408,VisionTek,"Visiontek Radeon HD 7750 SFF 2GB DDR3 3M (2 x HDMI, Mini DP), 900686",£215.22,23%
409,VisionTek,"VisionTek Radeon 7750 SFF 1GB GDDR5 (DVI-I, HDMI) (900549)",£122.01,18%
410,EVGA,"EVGA GeForce RTX 2070 FTW3 ULTRA GAMING, 08G-P4-2277-KR, 8GB GDDR6, iCX2 & RGB LED",£525.99,None
411,ZOTAC,"ZOTAC GAMING GeForce RTX 2070 AMP 8GB GDDR6 256-bit Graphics Card, IceStorm 2.0, Active Fan Control, Metal Backplate, Spectra RGB LED Lighting (ZT-T20700D-10P)",£570.36,None
412,MSI,MSI GeForce RTX 2080 SUPER DirectX 12 RTX 2080 Super Ventus OC 8GB 256-Bit GDDR6 PCI Express 3.0 x16 HDCP Ready SLI Support Video Card,£612.99,None
413,ASUS,ASUS GeForce GTX 1650 4GB Phoenix Fan Overclocked Edition HDMI DP DVI Graphics Card (PH-GTX1650-O4G),£131.99,None
414,"PNY Technologies, Inc.",PNY Video Card VCGGTX10603PB-CG GeForce GTX1060 3GB GDDR5 PCI Express DVID/HDMI/3xDisplayPort ,£188.99,None
415,Lenovo,"Lenovo 4X60M97031 Nvidia Geforce Gt730 - Graphics Card - Gf Gt 730 - 2 Gb Gddr5 - Pcie 2.0 X8 Low Profile - Displayport - For Thinkcentre M710S (Sff, Tower) , M710T (Sff, Tower) , M910S (Sff, Tower)",£90.99,17%
416,ASUS,ASUS GeForce GT 710 DirectX 12 710-1-SL-BRK 1GB 64-Bit DDR3 PCI Express 2.0 x8 HDCP Ready Video Card,£68.99,None
417,EVGA,"EVGA GeForce RTX 2060 XC GAMING, 6GB GDDR6, HDB Fan Graphics Card 06G-P4-2063-KR",£329.99,8%
418,ASUS,ASUS Turbo GeForce RTX 2060 DirectX 12 TURBO-RTX2060-6G 6GB 192-Bit GDDR6 PCI Express 3.0 HDCP Ready Video Card,£333.99,None
419,VisionTek,"Visiontek Radeon HD 5450 2GB DDR3 (DVI-I, HDMI, VGA), 900356",£52.31,23%
420,"PNY Technologies, Inc.","PNY GeForce RTX 2060 6GB XLR8 Gaming Overclocked Edition Graphics Card, VCG20606DFPPB-O",£354.99,None
421,Sapphire Tech,SAPPHIRE PULSE Radeon RX 570 DirectX 12 100412P4GITXL 4GB 256-Bit GDDR5 CrossFireX Support ATX Video Card,£347.47,None
422,"PNY Technologies, Inc.",PNY GeForce RTX 2060 Graphic Card - 1.37 GHz Core - 1.68 GHz Boost Clock - 6 GB GDDR6 - Full-height - Dual Slot Space Required,£366.91,17%
423,Lenovo,Lenovo 4X60N86660 Nvidia Quadro P1000 - Graphics Card - Quadro P1000 - 4 Gb Gddr5 Low Profile - 4 X Mini Displayport - For Thinkstation P320 (Sff),£316.38,8%
424,VisionTek,"VisionTek Radeon 7750 2GB GDDR5 5M (4 x HDMI, miniDP) (900690)",£385.74,None
425,GIGABYTE,GIGABYTE GeForce GTX 1060 DirectX 12 GV-N1060IXOC-6GD 6GB 192-Bit GDDR5 PCI Express 3.0 x16 ATX Video Card,£308.31,None
426,VisionTek,VisionTek Radeon HD 7750 900614-HDMIKIT 2GB GDDR5 PCI Express x16 Video Card w/ 6x mDP to HDMI active adapters,£278.99,None
427,XFX,XFX Radeon RX 570 Black Edition DirectX 12 RX-570P8DBD6 8GB 256-Bit DDR5 PCI Express 3.0 CrossFireX Support Video Card,£213.99,None
428,ZOTAC,ZOTAC GeForce GTX 1050 Ti DirectX 12 ZT-P10510A-10L 4GB 128-Bit GDDR5 PCI Express 3.0 HDCP Ready Mini Video Card,£230.69,None
429,Lenovo,Lenovo NVIDIA Quadro P620 Graphic Card 2GB For Select ThinkStation Models,£195.39,None
430,PowerColor,PowerColor RED DEVIL Radeon RX 570 DirectX 12 AXRX 570 4GBD5-3DH/OC 4GB 256-Bit GDDR5 PCI Express 3.0 CrossFireX Support ATX Video Card,£223.32,5%
431,VisionTek,VisionTek FirePro 7800M Graphic Card - 800 MHz Core - 2 GB DDR5 SDRAM - 128 bit Bus Width - Fan Cooler - DirectX 11.0 - 6 x Mini DisplayPort - PC - 6 x Monitors Supported,£188.40,16%
432,EVGA,"EVGA GeForce GTX 1050 FTW GAMING ACX 3.0, 02G-P4-6157-KR, 2GB GDDR5, DX12 OSD Support (PXOC)",£225.75,None
433,VisionTek,VisionTek Radeon HD 5570 DirectX 11 900901 1GB 128-Bit DDR3 PCI Express 2.0 x16 Small Form Factor (SFF) Video Cards,£157.52,None
434,EVGA,"EVGA GeForce GTX 1050 SSC GAMING ACX 3.0, 02G-P4-6154-KR, 2GB GDDR5, DX12 OSD Support (PXOC)",£190.99,None
435,VisionTek,"Visiontek Radeon HD 5570 SFF 1GB DDR3 4M VHDCI DVI (4 x DVI-D), 900345",£157.34,13%
436,HP,HP Nvidia Quadro P620 2GB GDDR5 Graphics Card - 3ME25AT,£203.44,98%
437,HP,HP INC. 2TF08AT SBUY RADEON PRO WX 3100 4GB GRAPHICS,£177.83,None
438,HP,HP INC. - SB WORKSTATION OPTIONS 1ME41AT SMART BUY NVIDIA QUADRO P2000,£439.99,None
439,MSI,MSI GeForce GTX 1050 DirectX 12 GTX 1050 2GT OC 2GB 128-Bit GDDR5 PCI Express 3.0 x16 HDCP Ready ATX Video Card,£125.68,13%
440,VisionTek,"Visiontek Radeon HD 5450 SFF 512MB DDR3 3M (3 x DVI-D), 900344",£117.13,16%
441,Sapphire Tech,Sapphire 11266-04-20G Radeon PULSE RX 570 4GB GDDR5 DUAL HDMI / DVI-D / DUAL DP OC with backplate (UEFI) PCI-E Graphics Card,£134.99,17%
442,PowerColor,PowerColor PCS+ Radeon R7 370 DirectX 12 AXR7 370 2GBD5-PPDHE 2GB 256-Bit GDDR5 PCI Express 3.0 CrossFireX Support ATX Video Card,£127.29,24%
443,EKWB Liquid Cooling,EKWB EK-FC GeForce GTX FE - Nickel,£120.96,None
444,Sonnet Technologies,Sonnet Thunderbolt 3 Upgrade Card for Echo Express SEL (TB2 Edition),£125.99,None
445,VisionTek,"Visiontek Radeon R7 250 SFF 1GB GDDR5 (DVI-D, HDMI, VGA*), 900702",£99.65,None
446,VisionTek,VISIONTEK 900942 Radeon 7750 2GB DDR3 2x DP,£107.20,7%
447,Lenovo,Lenovo Quadro P400 Graphic Card - 2 GB GDDR5 - 3 x Mini DisplayPort - PC,£100.63,6%
448,VisionTek,VisionTek Radeon 5570 SFF 1GB DDR3 4M VHDCI VGA (4 x VGA) (900366),£157.34,13%
449,ASUS,ASUS Radeon RX 550 PH-RX550-4G-M7 4GB 128-Bit GDDR5 HDCP Ready Video Card,£122.99,None
450,ASUS,ASUS GeForce GT 710 2GB GDDR5 HDMI VGA DVI Graphics Card (GT710-SL-2GD5-CSM),£78.24,12%
451,VisionTek,"Visiontek Radeon 6350 1GB DDR3 (DVI-I, HDMI, VGA)",£52.58,17%
452,Jaton Corporation,JATON GeForce 6200 DirectX 9 VIDEO-348PCI-LP 512MB 64-Bit DDR2 PCI Low Profile Ready Video Card,£68.71,None
453,VisionTek,VisionTek Radeon 5450 DirectX 11 900861 2GB DDR3 PCI Express 2.1 x16 ATX Video Card,£34.47,23%
454,Lenovo,Lenovo GeForce GT 730 Graphic Card - 2 GB GDDR5 - Low-profile,£82.50,None
455,Diamond Multimedia,DIAMOND Radeon HD 5450 DirectX 11 5450PE31G 1GB GDDR3 PCI Express 2.1 x16 HDCP Ready CrossFireX Support Low Profile Video Card,£38.75,None
456,NVIDIA,RTX NV link Bridge 3 Slot,£69.41,None
457,VisionTek,"Visiontek Radeon 6350 SFF 1GB DDR3 3M DMS59 (2 x DVI-I, miniDP) w/ 2 x DVI-I to VGA Adapter, 900456",£64.08,None
458,XFX,XFX R5-220A-2Q Radeon R5 220 625MHz 2GB,£72.53,None
459,VisionTek,"VisionTek Radeon 4350 512MB DDR2 (DVI-I, HDMI, VGA) Graphics Card - 900270",£31.99,22%
460,ZOTAC,ZOTAC GeForce GT 710 DirectX 12 ZT-71301-20L 1GB 64-Bit DDR3 PCI Express 2.0 x8 Video Card,£49.61,None
461,VisionTek,"Visiontek Radeon 6350 SFF 1GB DDR3 (DVI-I, HDMI, VGA), 900484",£57.04,None
462,EVGA,EVGA GeForce GT 1030 DirectX 12 02G-P4-6338-KR 2GB 64-Bit GDDR5 PCI Express 3.0 Video Card,£80.94,None
463,ASUS,ASUS Radeon R5 230 DirectX 11 R5230-SL-1GD3-L 1GB 64-Bit DDR3 PCI Express 2.1 HDCP Ready CrossFireX Support Low Profile Video Card,£42.99,22%
464,VisionTek,VisionTek Radeon 5450 DirectX 11 900860 1GB DDR3 PCI Express 2.1 x16 ATX Video Card,£32.81,23%
465,VisionTek,"Visiontek Radeon HD 4350 SFF 512MB DDR2 (2 x DVI-I, TV Out) w/ 2 x DVI-I to VGA Adapter, 900273",£70.30,5%
466,VisionTek,"Visiontek Radeon HD 4650 SFF 1GB DDR2 DMS59 (2 x DVI-I, TV Out) w/ 2 x DVI-I to VGA Adapter, 900275",£82.96,None
467,MSI,MSI GeForce GT 730 DirectX 12 N730-4GD3V2 4GB 128-Bit DDR3 PCI Express 2.0 x16 HDCP Ready ATX Video Card,£76.99,None
468,VisionTek,"Visiontek Radeon HD 4350 512MB DDR2 (DVI-I, HDMI, VGA), 900289",£43.16,None
469,GIGABYTE,"GIGABYTE AORUS GeForce RTX 2080 8G Graphics Card, 3 x Stacked WINDFORCE Fans, 8GB 256-Bit GDDR6, GV-N2080AORUS-8GC Video Card",£738.27,None
470,"PNY Technologies, Inc.",QUADRO RTX 5000 GCARD RET SCB SB,"£2,128.99",None
471,ZOTAC,"ZOTAC GAMING GeForce RTX 2080 Ti Twin Fan 11GB GDDR6 352-bit Gaming Graphics Card, Active Fan Control, Metal Backplate, Spectra Lighting - ZT-T20810G-10P","£1,065.73",None
472,HP,HP Z0B13AT,"£1,855.05",None
473,EVGA,"EVGA GeForce RTX 2080 XC GAMING, 08G-P4-2182-KR, 8GB GDDR6, Dual HDB Fans & RGB LED",£831.90,None
474,"PNY Technologies, Inc.","PNY GeForce RTX 2080 XLR8 Gaming Overclocked Edition Graphics Card, VCG20808DFPPB-O",£922.51,8%
475,Lenovo,"Lenovo 4X60N86661 Nvidia Quadro P1000 - Graphics Card - Quadro P1000 - 4 Gb Gddr5 - 4 X Mini Displayport - For Thinkstation P320, P410 30B2, 30B3, P510 30B4, 30B5, P710 30B6, 30B7, P910 30B8, 30B9",£318.35,8%
476,VisionTek,"Visiontek Radeon HD 7750 SFF 1GB DDR3 5M VHDCI (4 x DVI-D, Mini DP), 900669",£165.30,None
477,HP,HP Radeon HD 8350 DirectX 11 E1C63AA 1GB 64-Bit DDR3 PCI Express 3.0 x16 HDCP Ready Low Profile Video Card,£163.99,None
478,VisionTek,"Visiontek Radeon 7350 SFF 1GB DDR3 3M DMS59 (2 x DVI-I, DP) w/ 2 x DVI-I to VGA Adapter",£106.08,None
479,HP,HP Radeon R7 430 Graphic Card 5JW82AT,£112.83,None
480,VisionTek,VisionTek Radeon HD 6570 Graphic Card - 650 MHz Core - 2 GB DDR3 SDRAM - 128 bit Bus Width - Fan Cooler - DirectX 11.0 - 1 x HDMI - 1 x Total Number of DVI (1 x DVI-D) - Dual Link DVI Supported - PC -,£51.99,21%
481,"PNY Technologies, Inc.",PNY NVIDIA Quadro RTX 4000 8GB GDDR6 Workstation Graphics Card VCQRTX4000-PB,£810.98,17%
482,Lenovo,LENOVO - THINKPAD OPTIONS ACCES 4X60N86663 THINKSTATN NVIDIA QUADRO P4000,£787.52,9%
483,Lenovo,Lenovo Quadro P4000 Graphic Card - 8 GB GDDR5 - Full-height (4x60n86664),£807.51,17%
484,Lenovo,"Lenovo 4X60N04886 Nvidia Quadro P5000 - Graphics Card - Quadro P5000 - 16 Gb Gddr5X - Pcie 3.0 X16 - Dvi, 4 X Displayport - For Thinkstation P520","£1,863.54",17%
485,GIGABYTE,"GIGABYTE GeForce RTX 2080 GAMING OC 8G Graphics Card, 3 x WINDFORCE Fans, 8GB 256-Bit GDDR6, GV-N2080GAMING OC-8GC Video Card",£678.99,None
486,GIGABYTE,"GIGABYTE AORUS GeForce RTX 2060 XTREME 6G Graphics Card, 3 x Stacked WINDFORCE Fans, 6GB 192-Bit GDDR6, GV-N2060AORUS X-6GC REV2.0 Video Card",£323.99,5%
487,GIGABYTE,"GIGABYTE GeForce RTX 2080 WINDFORCE 8G Graphics Card, 3 x WINDFORCE Fans, 8GB 256-Bit GDDR6, GV-N2080WF3-8GC Video Card",£647.13,17%
488,GIGABYTE,GIGABYTE AORUS GeForce RTX 2080 TI DirectX 12 GV-N208TAORUS X-11GC Video Card,"£1,188.58",17%
489,MSI,MSI GeForce RTX 2070 DirectX 12 RTX 2070 ARMOR 8G 8GB 256-Bit GDDR6 PCI Express 3.0 x16 HDCP Ready Video Card,£400.99,None
490,EVGA,"EVGA GeForce GTX 1050 Ti FTW GAMING ACX 3.0, 04G-P4-6258-KR, 4GB GDDR5, DX12 OSD Support (PXOC)",£263.99,None
491,GIGABYTE,"GIGABYTE GeForce RTX 2060 WINDFORCE OC 6G Graphics Card, 2 x WINDFORCE Fans, 6GB 192-Bit GDDR6, GV-N2060WF2OC-6GD Video Card",£287.99,None
492,MSI,MSI GeForce GTX 1060 DirectX 12 GTX 1060 6GT OCV1 6GB 192-Bit GDDR5 PCI Express 3.0 x16 HDCP Ready ATX Video Card,£408.31,None
493,MSI,MSI GeForce RTX 2080 DirectX 12 RTX 2080 VENTUS 8G 8GB 256-Bit GDDR6 PCI Express 3.0 x16 HDCP Ready SLI Support Video Card,£695.47,None
494,MSI,MSI GeForce RTX 2080 DirectX 12 RTX 2080 SEA HAWK EK X 8GB 256-Bit GDDR6 PCI Express 3.0 x16 HDCP Ready SLI Support Video Card,£595.99,None
495,"PNY Technologies, Inc.",PNY GeForce RTX 2080 8GB XLR8 Gaming Overclocked Edition Graphics Card,£788.62,None
496,MSI,MSI GeForce RTX 2080 DirectX 12 RTX 2080 GAMING TRIO 8GB 256-Bit GDDR6 PCI Express 3.0 x16 HDCP Ready SLI Support Video Card,£561.99,None
497,VisionTek,"Visiontek Radeon HD 4350 SFF DMS59 512MB DDR2 PCIe x1, 900308",£61.49,None
498,VisionTek,"Visiontek Radeon 3450 SFF 512MB DDR2 PCI, 900321",£84.83,None
499,VisionTek,VisionTek Radeon 7000 DirectX 7 VTK Rad7K 64P 64MB 64-Bit DDR PCI Video Card,£34.47,23%
500,"PNY Technologies, Inc.",PNY GeForce RTX 2070 DirectX 12 VCG20708BLMPB 8GB GDDR6 PCI Express 3.0 Video Card,£657.28,None
501,ASUS,ASUS GeForce GT 740 GT740-DCSL-2GD3 2GB 128-Bit DDR3 PCI Express 3.0 HDCP Ready Video Card,£289.99,14%
502,Panasonic,Sapphire 11265-05-20G Radeon PULSE RX 580 8GB GDDR5 DUAL HDMI / DVI-D / DUAL DP OC with Backplate (UEFI) PCI-E Graphics Card Graphic Cards,£657.02,None
503,ASUS,ASUS GeForce GT 710 Silent Low Profile 2GB PCI-E x16 2.0 GDDR5 Graphics Card (90YV0AL3-M0NA00),£52.99,24%
504,Black Box Corporation,Black Box Graphic Adapter Type-C - TAA Compliant,£33.16,None
505,Lenovo,Lenovo Quadro NVS 310 Graphic Card - 1 GB - PCI Express 2.0 - Low-profile,£112.30,17%
506,Lenovo,Lenovo Quadro P620 2GB Graphic Card 4X60R60468,£199.68,None
507,N/A,SYBA 10GB Nic Thunderbolt3 Adapter 10gb Network Adapter Type C,£138.16,26%
508,MSI,MSI GeForce RTX 2060 SUPER DirectX 12 RTX 2060 SUPER GAMING 8GB 256-Bit GDDR6 PCI Express 3.0 x16 HDCP Ready Video Card,£361.99,None
509,MSI,MSI Radeon RX 590 DirectX 12 RX 590 ARMOR 8G 8GB 256-Bit GDDR5 PCI Express x16 HDCP Ready CrossFireX Support Video Card,£160.99,None
510,GIGABYTE,"GIGABYTE GeForce RTX 2070 Super GAMING OC 8G Graphics Card, 3 x WINDFORCE Fans, 8GB 256-Bit GDDR6, GV-N207SGAMING OC-8GC Video Card",£482.46,None
511,EVGA,"EVGA GeForce RTX 2070 SUPER GAMING, 08G-P4-3070-KR, 8GB GDDR6, RGB LED Logo",£449.99,None
512,"PNY Technologies, Inc.",GeForce GTX 1660 6GB Blow,£224.45,None
513,EVGA,"EVGA GeForce RTX 2080 SUPER FTW3 ULTRA GAMING Video Card, 08G-P4-3287-KR, 8GB GDDR6, iCX2 Technology, RGB LED, Metal Backplate",£680.99,None
514,N/A,ETopSell NVIDIA GeForce 9800GT 1GB DDR3 PCI-Express 16x  Graphics Card,£61.98,None
515,AMD,AMD VCX 100-505734 AMD FirePro S7150CG 8G PASSIVE GDDR5 PCI-E LITE ,"£1,007.99",None
516,ASRock,ASRock Radeon RX 5700 DirectX 12 RX 5700 CHALLENGER D 8G OC 8GB 256-Bit GDDR6 PCI Express 4.0 HDCP Ready Video Card,£306.99,None
517,ZOTAC,"ZOTAC GAMING GeForce RTX 2070 SUPER Twin Fan 8GB GDDR6 256-bit 14 Gbps Gaming Graphics Card, IceStorm 2.0, Spectra Lighting, ZT-T20710F-10P",£423.99,None
518,Sapphire Tech,Sapphire Radeon PULSE RX 590 8GB GDDR5 PCI-E Dual HDMI / DVI-D / Dual DP w/ Backplate,£166.99,11%
519,Sapphire Tech,"Sapphire Radeon NITRO+ RX 590 8GB GDDR5 PCI-E Dual HDMI / DVI-D / Dual DP OC Video Card w/ Backplate AMD 50TH EDITION (UEFI), 11289-07-20G",£295.69,None
520,ASUS,ASUS Dual GeForce GTX 1650 DUAL-GTX1650-4G 4GB 128-Bit GDDR5 PCI Express 3.0 HDCP Ready Video Card,£139.99,None
521,ASUS,ASUS GeForce GT 710 DirectX 12 710-1-SL 1GB 64-Bit DDR3 PCI Express 2.0 x8 HDCP Ready Video Card,£29.99,14%
522,MSI,MSI GeForce RTX 2080 Ti DirectX 12 RTX 2080 TI LIGHTNING Z 11GB 352-Bit GDDR6 PCI Express 3.0 x16 HDCP Ready SLI Support Video Card,"£1,244.99",17%
523,EVGA,"EVGA GeForce RTX 2070 SUPER FTW3 ULTRA GAMING, 08G-P4-3277-KR, 8GB GDDR6, iCX2 Technology, RGB LED, Metal Backplate",£501.99,None
524,EVGA,"EVGA GeForce RTX 2080 SUPER XC ULTRA GAMING Video Card, 08G-P4-3183-KR, 8GB GDDR6, RGB LED, Metal Backplate",£646.99,None
525,GIGABYTE,Refurbished: GIGABYTE GeForce RTX 2080 Ti DirectX 12 GV-N208TGAMING OC-11GC 11GB 352-Bit GDDR6 PCI Express 3.0 x16 SLI Support ATX Video Card,£816.99,None
526,GIGABYTE,Refurbished: GIGABYTE GeForce GTX 1060 DirectX 12 GV-N1060WF2OC-3GD 3GB 192-Bit GDDR5 PCI Express 3.0 x16 ATX Video Cards,£95.99,34%
527,GIGABYTE,Refurbished: GIGABYTE GeForce RTX 2070 DirectX 12 GV-N2070GAMING OC-8GC 8GB 256-Bit GDDR6 PCI Express 3.0 x16 ATX Video Card,£350.99,None
528,MSI,Refurbished: MSI GeForce GTX 1080 Ti DirectX 12 GeForce GTX 1080 TI ARMOR 11G OC 11GB 352-Bit GDDR5X PCI Express 3.0 x16 HDCP Ready SLI Support Video Card,£572.99,None
529,GIGABYTE,Refurbished: Gigabyte GeForce RTX 2070 8GB Windforce OC Triple Fan GDDR6 Video Card GPU,£342.99,5%
530,GIGABYTE,Refurbished: GIGABYTE GeForce RTX 2080 Ti DirectX 12 GV-N208TWF3OC-11GC 11GB 352-Bit GDDR6 PCI Express 3.0 x16 SLI Support ATX Video Cards,£821.99,None
531,GIGABYTE,Refurbished: GIGABYTE AORUS GeForce RTX 2080 Ti DirectX 12 GV-N208TAORUSX WB-11GC 11GB 352-Bit GDDR6 PCI Express 3.0 x16 SLI Support ATX Video Card,£896.99,None
532,GIGABYTE,Refurbished: GIGABYTE GeForce RTX 2080 DirectX 12 GV-N2080GAMING OC-8GC 8GB 256-Bit GDDR6 PCI Express 3.0 x16 SLI Support ATX Video Card,£513.99,6%
533,GIGABYTE,Refurbished: GIGABYTE GeForce RTX 2080 DirectX 12 GV-N2080WF3-8GC 8GB 256-Bit GDDR6 PCI Express 3.0 x16 SLI Support ATX Video Card,£496.99,None
534,"PNY Technologies, Inc.",Refurbished: PNY GeForce GTX 1070 8GB XLR8 OC Dual Fan VCGGTX10708XGPB-OC-BB Video Card GPU,£254.99,None
535,GIGABYTE,Refurbished: GIGABYTE GeForce RTX 2080 Ti DirectX 12 GV-N208TTURBO-11GC 11GB 352-Bit GDDR6 PCI Express 3.0 x16 SLI Support ATX Video Card,£799.00,None
536,GIGABYTE,Refurbished: GIGABYTE GeForce RTX 2080 Ti DirectX 12 GV-N208TWF3-11GC 11GB 352-Bit GDDR6 PCI Express 3.0 x16 SLI Support ATX Video Card,£819.99,None
537,GIGABYTE,Refurbished: GIGABYTE AORUS GeForce RTX 2080 Ti DirectX 12 GV-N208TAORUS-11GC 11GB 352-Bit GDDR6 PCI Express 3.0 x16 SLI Support ATX Video Card,£847.99,None
538,ASUS,Refurbished: ASUS GeForce GTX 1080 Ti TURBO-GTX1080TI-11G 11GB 352-Bit GDDR5X PCI Express 3.0 HDCP Ready SLI Support DirectX 12 Video Graphics Gaming Card OEM BULK PACK => NO ACCESSORIES!,£647.99,None
539,GIGABYTE,Refurbished: GIGABYTE AORUS GeForce RTX 2080 Ti DirectX 12 GV-N208TAORUS X-11GC 11GB 352-Bit GDDR6 PCI Express 3.0 x16 SLI Support ATX Video Card,£849.99,None
540,GIGABYTE,Refurbished: Gigabyte GeForce RTX 2080 8GB Aorus X Extreme OC Triple Fan Video Card GPU,£519.99,None
541,MSI,Refurbished: MSI GeForce GTX 1080 DirectX 12 MSI-GTX1080ARMOR8GOC-RFB 8GB 256-Bit GDDR5X PCI Express 3.0 x16 HDCP Ready SLI Support Video Card,£316.99,None
542,GIGABYTE,Refurbished: GIGABYTE GeForce RTX 2080 DirectX 12 GV-N2080TURBO-8GC 8GB 256-Bit GDDR6 PCI Express 3.0 x16 SLI Support ATX Video Cards,£453.99,None
543,GIGABYTE,Refurbished: GIGABYTE GeForce GTX 1070 DirectX 12 GV-N1070G1 GAMING-8GD R2 8GB 256-Bit GDDR5 PCI Express 3.0 x16 SLI Support ATX Video Card,£276.99,7%
544,"PNY Technologies, Inc.",Refurbished: PNY GeForce GTX 1070 RGMX1070N3H8GS-KTN 8GB GDDR5 Video Card,£256.30,None
545,EVGA,"Refurbished: EVGA GeForce GTX 1080 SC GAMING ACX 3.0, 8GB GDDR5X, LED, DX12 OSD Support (PXOC) Graphics Card 08G-P4-6183-RX",£450.99,None
546,GIGABYTE,Refurbished: GIGABYTE Radeon RX Vega 64 DirectX 12 GV-RXVEGA64GAMING OC-8GD 8GB 2048-Bit HBM2 PCI Express 3.0 x16 CrossFireX Support ATX Video Card,£263.99,6%
547,GIGABYTE,Refurbished: GIGABYTE AORUS GeForce RTX 2080 DirectX 12 GV-N2080AORUS-8GC 8GB 256-Bit GDDR6 PCI Express 3.0 x16 SLI Support ATX Video Card,£539.99,None
548,GIGABYTE,Refurbished: GIGABYTE GeForce RTX 2080 DirectX 12 GV-N2080GAMINGOC WHITE-8GC 8GB 256-Bit GDDR6 PCI Express 3.0 x16 SLI Support ATX Video Card,£522.99,5%
549,GIGABYTE,Refurbished: GIGABYTE AORUS GeForce RTX 2080 DirectX 12 GV-N2080AORUSX WB-8GC 8GB 256-Bit GDDR6 PCI Express 3.0 x16 SLI Support ATX Video Card,£539.99,None
550,ASUS,Refurbished: ASUS GeForce GTX 780 DirectX 11.1 GTX780-DC2OC-3GD5 3GB 384-Bit GDDR5 PCI Express 3.0 HDCP Ready SLI Support Video Card,£155.99,None
551,GIGABYTE,Refurbished: GIGABYTE GeForce GTX 1050 Ti DirectX 12 GV-N105TD5-4GD 4GB 128-Bit GDDR5 PCI Express 3.0 x16 ATX Video Cards,£110.99,7%
552,ASUS,Refurbished: ASUS GTX 1070 8GB Dual OC Video Card DUAL-GTX1070-O8G Nvidia GPU Graphics Card,£321.33,None
553,ZOTAC,Refurbished: Zotac Geforce GTX 650 1GB Synergy Edition GDDR5 ZT-61009-10M Video Card GPU,£43.37,None
554,ASUS,Refurbished: ASUS ROG Strix GeForce RTX 2070 8G GDDR6 HDMI DP 1.4 USB Type-C Gaming Graphics Card (ROG-STRIX-RTX-2070-8G-Gaming),£469.66,None
555,ASUS,Refurbished: ASUS Radeon RX 580 O4G Dual-fan OC Edition GDDR5 DP HDMI DVI VR Ready AMD Graphics Card (DUAL-RX580-O4G),£222.45,None
556,ASUS,Refurbished: ASUS ROG Strix Radeon RX 570 O4G Gaming OC Edition (ROG-STRIX-RX570-O4G-GAMING),£214.21,None
557,VisionTek,Refurbished: VisionTek Radeon HD 6350 DirectX 11 401499 1GB DDR3 PCI Express 2.0 x16 Video Card,£48.99,29%
558,EVGA,"Refurbished: EVGA GeForce GTX 1070, 8GB GDDR5, DX12 OSD Support (PXOC) Graphics Card",£354.22,20%
559,MSI,Refurbished: MSI RX 580 8G V1 DirectX 12 Radeon 256-Bit GDDR5 PCI Express x16 Graphics Card,£201.86,None
560,ASUS,Refurbished: ASUS Radeon RX 580 8GB Dual-fan OC Edition GDDR5 DP HDMI DVI VR Ready AMD Graphics Card (DUAL-RX580-O8G),£238.38,None
561,MSI,Refurbished: MSI Radeon RX 580 DirectX 12 RX 580 GAMING X 8G 8GB 256-Bit GDDR5 PCI Express 3.0 x16 HDCP CrossFireX Support Video Card,£267.70,None
562,MSI,Refurbished: MSI GeForce GTX 1060 3GT Video Card,£230.69,None
563,GIGABYTE,Refurbished: GIGABYTE GeForce GTX 1070 DirectX 12 GV-N1070IXOC-8GD 8GB 256-Bit GDDR5 PCI Express 3.0 x16 SLI Support ATX Video Card,£516.79,None
564,PowerColor,Refurbished: PowerColor PCS+ Radeon R9 380X AXR9 380X 4GB 256-Bit GDDR5  ATX Video Card,£338.36,None
565,GIGABYTE,Refurbished: Gigabyte GeForce GTX 1060 G1 Gaming 3GB GDDR5 Graphics Card (GV-N1060G1GAMING-3GD),£253.76,None
566,GIGABYTE,Refurbished: GIGABYTE Radeon RX 580 DirectX 12 GV-RX580AORUS-8GD 8GB 256-Bit GDDR5 PCI Express 3.0 x16 CrossFireX Support ATX Video Cards,£246.07,None
567,XFX,Refurbished: XFX GTS Black Core Edition Radeon RX 580 DirectX 12 RX-580P828D6 8GB OC+ 1405 MHz PCI Express 3.0,£191.47,None
568,GIGABYTE,Refurbished: GIGABYTE GeForce RTX 2080 DirectX 12 GV-N2080WF3OC-8GC 8GB 256-Bit GDDR6 PCI Express 3.0 x16 SLI Support ATX Video Card,£543.99,None
569,MSI,Refurbished: MSI Computer Video Card (GTX 1050 TI 4GT OC),£147.88,None
570,XFX,Refurbished: XFX RX-560D2SFG5 Radeon RX 560D Graphic Card - 1.20 GHz Core - 2 GB GDDR5 - Dual Slot Space Required,£107.10,None
571,MSI,Refurbished: MSI GeForce GT 730 DirectX 12 N730-4GD3V2 4GB 128-Bit DDR3 PCI Express 2.0 x16 HDCP Ready ATX Video Card,£46.99,None
572,MSI,Refurbished: MSI Computer VGA Graphic Card GT 710 2GD3 LP,£26.99,None
573,MSI,Refurbished: MSI GeForce GT 710 DirectX 12 GT 710 1GD3H LPV1 1GB 64-Bit DDR3 PCI Express 2.0 x8 HDCP Ready Low Profile Video Card,£24.99,None
574,MSI,Refurbished: MSI GeForce GT 710 DirectX 12 MSI-GT7101GD3HLP 1GB 64-Bit DDR3 PCI Express 2.0 x16 HDCP Ready Low Profile Video Card,£23.99,8%
575,"PNY Technologies, Inc.","Refurbished: PNY GeForce GTX 1060 Graphic Card - 1.51 GHz Core - 1.71 GHz Boost Clock - 6 GB GDDR5 - PCI Express 3.0 x16 - Dual Slot Space Required - 192 bit Bus Width - Fan Cooler - DirectX 12, OpenGL 4.5 - 3 ...",£232.90,None
